Units,scenario,region,sector,year,value
MTC,Ref_cities,KualaLumpur,comm others,1990,0.031913313
MTC,Ref_cities,KualaLumpur,comm others,2005,0.10133378
MTC,Ref_cities,KualaLumpur,comm others,2010,0.16600968
MTC,Ref_cities,KualaLumpur,comm others,2015,0.10496036
MTC,Ref_cities,KualaLumpur,comm others,2020,0.08490111
MTC,Ref_cities,KualaLumpur,comm others,2025,0.08735614
MTC,Ref_cities,KualaLumpur,comm others,2030,0.08302338
MTC,Ref_cities,KualaLumpur,comm others,2035,0.07716154
MTC,Ref_cities,KualaLumpur,comm others,2040,0.07184059
MTC,Ref_cities,KualaLumpur,comm others,2045,0.06660379
MTC,Ref_cities,KualaLumpur,comm others,2050,0.06463178
MTC,Ref_cities,KualaLumpur,comm others,2055,0.0616344
MTC,Ref_cities,KualaLumpur,comm others,2060,0.05596649
MTC,Ref_cities,KualaLumpur,comm others,2065,0.05143055
MTC,Ref_cities,KualaLumpur,comm others,2070,0.04482883
MTC,Ref_cities,KualaLumpur,comm others,2075,0.04017159
MTC,Ref_cities,KualaLumpur,comm others,2080,0.03950021
MTC,Ref_cities,KualaLumpur,comm others,2085,0.03763406
MTC,Ref_cities,KualaLumpur,comm others,2090,0.03479186
MTC,Ref_cities,KualaLumpur,comm others,2095,0.03102644
MTC,Ref_cities,KualaLumpur,comm others,2100,0.02713476
MTC,Ref_cities,KualaLumpur,industrial energy use,1975,0.2786937
MTC,Ref_cities,KualaLumpur,industrial energy use,1990,0.67692403
MTC,Ref_cities,KualaLumpur,industrial energy use,2005,2.1966996
MTC,Ref_cities,KualaLumpur,industrial energy use,2010,1.584486
MTC,Ref_cities,KualaLumpur,industrial energy use,2015,1.8119157
MTC,Ref_cities,KualaLumpur,industrial energy use,2020,1.84860748
MTC,Ref_cities,KualaLumpur,industrial energy use,2025,1.99003397
MTC,Ref_cities,KualaLumpur,industrial energy use,2030,2.09390923
MTC,Ref_cities,KualaLumpur,industrial energy use,2035,2.16934079
MTC,Ref_cities,KualaLumpur,industrial energy use,2040,2.22900787
MTC,Ref_cities,KualaLumpur,industrial energy use,2045,2.2969597
MTC,Ref_cities,KualaLumpur,industrial energy use,2050,2.39587282
MTC,Ref_cities,KualaLumpur,industrial energy use,2055,2.48098978
MTC,Ref_cities,KualaLumpur,industrial energy use,2060,2.51346328
MTC,Ref_cities,KualaLumpur,industrial energy use,2065,2.54531049
MTC,Ref_cities,KualaLumpur,industrial energy use,2070,2.50762286
MTC,Ref_cities,KualaLumpur,industrial energy use,2075,2.49792453
MTC,Ref_cities,KualaLumpur,industrial energy use,2080,2.59021364
MTC,Ref_cities,KualaLumpur,industrial energy use,2085,2.63530333
MTC,Ref_cities,KualaLumpur,industrial energy use,2090,2.63608899
MTC,Ref_cities,KualaLumpur,industrial energy use,2095,2.60132089
MTC,Ref_cities,KualaLumpur,industrial energy use,2100,2.55314141
MTC,Ref_cities,KualaLumpur,industrial feedstocks,1990,0.0409966
MTC,Ref_cities,KualaLumpur,industrial feedstocks,2005,0.124044
MTC,Ref_cities,KualaLumpur,industrial feedstocks,2010,0.129927
MTC,Ref_cities,KualaLumpur,industrial feedstocks,2015,0.402835
MTC,Ref_cities,KualaLumpur,industrial feedstocks,2020,0.462077
MTC,Ref_cities,KualaLumpur,industrial feedstocks,2025,0.519411
MTC,Ref_cities,KualaLumpur,industrial feedstocks,2030,0.584212
MTC,Ref_cities,KualaLumpur,industrial feedstocks,2035,0.646964
MTC,Ref_cities,KualaLumpur,industrial feedstocks,2040,0.70398
MTC,Ref_cities,KualaLumpur,industrial feedstocks,2045,0.759894
MTC,Ref_cities,KualaLumpur,industrial feedstocks,2050,0.808072
MTC,Ref_cities,KualaLumpur,industrial feedstocks,2055,0.85746
MTC,Ref_cities,KualaLumpur,industrial feedstocks,2060,0.907804
MTC,Ref_cities,KualaLumpur,industrial feedstocks,2065,0.95215
MTC,Ref_cities,KualaLumpur,industrial feedstocks,2070,0.992885
MTC,Ref_cities,KualaLumpur,industrial feedstocks,2075,1.03115
MTC,Ref_cities,KualaLumpur,industrial feedstocks,2080,1.0634
MTC,Ref_cities,KualaLumpur,industrial feedstocks,2085,1.09052
MTC,Ref_cities,KualaLumpur,industrial feedstocks,2090,1.11086
MTC,Ref_cities,KualaLumpur,industrial feedstocks,2095,1.13031
MTC,Ref_cities,KualaLumpur,industrial feedstocks,2100,1.14696
MTC,Ref_cities,KualaLumpur,resid others,1990,0.102041859
MTC,Ref_cities,KualaLumpur,resid others,2005,0.136229401
MTC,Ref_cities,KualaLumpur,resid others,2010,0.116089522
MTC,Ref_cities,KualaLumpur,resid others,2015,0.0887457415
MTC,Ref_cities,KualaLumpur,resid others,2020,0.079410625
MTC,Ref_cities,KualaLumpur,resid others,2025,0.086553802
MTC,Ref_cities,KualaLumpur,resid others,2030,0.087061857
MTC,Ref_cities,KualaLumpur,resid others,2035,0.084650135
MTC,Ref_cities,KualaLumpur,resid others,2040,0.081424609
MTC,Ref_cities,KualaLumpur,resid others,2045,0.077216443
MTC,Ref_cities,KualaLumpur,resid others,2050,0.075979464
MTC,Ref_cities,KualaLumpur,resid others,2055,0.0731807379
MTC,Ref_cities,KualaLumpur,resid others,2060,0.0669822852
MTC,Ref_cities,KualaLumpur,resid others,2065,0.061873985
MTC,Ref_cities,KualaLumpur,resid others,2070,0.0541840715
MTC,Ref_cities,KualaLumpur,resid others,2075,0.0486363605
MTC,Ref_cities,KualaLumpur,resid others,2080,0.047758719
MTC,Ref_cities,KualaLumpur,resid others,2085,0.0454881468
MTC,Ref_cities,KualaLumpur,resid others,2090,0.0420953711
MTC,Ref_cities,KualaLumpur,resid others,2095,0.0375835484
MTC,Ref_cities,KualaLumpur,resid others,2100,0.0329053929
MTC,Ref_cities,KualaLumpur,trn_aviation_intl,1975,0.0108745
MTC,Ref_cities,KualaLumpur,trn_aviation_intl,1990,0.0274386
MTC,Ref_cities,KualaLumpur,trn_aviation_intl,2005,0.0874091
MTC,Ref_cities,KualaLumpur,trn_aviation_intl,2010,0.103488
MTC,Ref_cities,KualaLumpur,trn_aviation_intl,2015,0.136311
MTC,Ref_cities,KualaLumpur,trn_aviation_intl,2020,0.146644
MTC,Ref_cities,KualaLumpur,trn_aviation_intl,2025,0.164804
MTC,Ref_cities,KualaLumpur,trn_aviation_intl,2030,0.18326
MTC,Ref_cities,KualaLumpur,trn_aviation_intl,2035,0.200312
MTC,Ref_cities,KualaLumpur,trn_aviation_intl,2040,0.216667
MTC,Ref_cities,KualaLumpur,trn_aviation_intl,2045,0.229717
MTC,Ref_cities,KualaLumpur,trn_aviation_intl,2050,0.239519
MTC,Ref_cities,KualaLumpur,trn_aviation_intl,2055,0.253157
MTC,Ref_cities,KualaLumpur,trn_aviation_intl,2060,0.264459
MTC,Ref_cities,KualaLumpur,trn_aviation_intl,2065,0.273713
MTC,Ref_cities,KualaLumpur,trn_aviation_intl,2070,0.28067
MTC,Ref_cities,KualaLumpur,trn_aviation_intl,2075,0.286063
MTC,Ref_cities,KualaLumpur,trn_aviation_intl,2080,0.290337
MTC,Ref_cities,KualaLumpur,trn_aviation_intl,2085,0.294025
MTC,Ref_cities,KualaLumpur,trn_aviation_intl,2090,0.297228
MTC,Ref_cities,KualaLumpur,trn_aviation_intl,2095,0.300098
MTC,Ref_cities,KualaLumpur,trn_aviation_intl,2100,0.302459
MTC,Ref_cities,KualaLumpur,trn_freight,1975,0.000411319
MTC,Ref_cities,KualaLumpur,trn_freight,1990,0.00301842
MTC,Ref_cities,KualaLumpur,trn_freight,2005,0.003324001
MTC,Ref_cities,KualaLumpur,trn_freight,2010,0.003931911
MTC,Ref_cities,KualaLumpur,trn_freight,2015,0.01276091
MTC,Ref_cities,KualaLumpur,trn_freight,2020,0.01351432
MTC,Ref_cities,KualaLumpur,trn_freight,2025,0.01578484
MTC,Ref_cities,KualaLumpur,trn_freight,2030,0.01869087
MTC,Ref_cities,KualaLumpur,trn_freight,2035,0.02202478
MTC,Ref_cities,KualaLumpur,trn_freight,2040,0.02556688
MTC,Ref_cities,KualaLumpur,trn_freight,2045,0.0294931
MTC,Ref_cities,KualaLumpur,trn_freight,2050,0.033246
MTC,Ref_cities,KualaLumpur,trn_freight,2055,0.036655
MTC,Ref_cities,KualaLumpur,trn_freight,2060,0.0398171
MTC,Ref_cities,KualaLumpur,trn_freight,2065,0.0428837
MTC,Ref_cities,KualaLumpur,trn_freight,2070,0.0457865
MTC,Ref_cities,KualaLumpur,trn_freight,2075,0.0487321
MTC,Ref_cities,KualaLumpur,trn_freight,2080,0.0517596
MTC,Ref_cities,KualaLumpur,trn_freight,2085,0.055114
MTC,Ref_cities,KualaLumpur,trn_freight,2090,0.0587116
MTC,Ref_cities,KualaLumpur,trn_freight,2095,0.0626107
MTC,Ref_cities,KualaLumpur,trn_freight,2100,0.0666912
MTC,Ref_cities,KualaLumpur,trn_freight_road,1975,0.03088124
MTC,Ref_cities,KualaLumpur,trn_freight_road,1990,0.08421548
MTC,Ref_cities,KualaLumpur,trn_freight_road,2005,0.2352761
MTC,Ref_cities,KualaLumpur,trn_freight_road,2010,0.253088
MTC,Ref_cities,KualaLumpur,trn_freight_road,2015,0.357218
MTC,Ref_cities,KualaLumpur,trn_freight_road,2020,0.390954236
MTC,Ref_cities,KualaLumpur,trn_freight_road,2025,0.434877642
MTC,Ref_cities,KualaLumpur,trn_freight_road,2030,0.4720940939
MTC,Ref_cities,KualaLumpur,trn_freight_road,2035,0.4987503274
MTC,Ref_cities,KualaLumpur,trn_freight_road,2040,0.53892014
MTC,Ref_cities,KualaLumpur,trn_freight_road,2045,0.578716395
MTC,Ref_cities,KualaLumpur,trn_freight_road,2050,0.620515591
MTC,Ref_cities,KualaLumpur,trn_freight_road,2055,0.66745609
MTC,Ref_cities,KualaLumpur,trn_freight_road,2060,0.717037167
MTC,Ref_cities,KualaLumpur,trn_freight_road,2065,0.765883411
MTC,Ref_cities,KualaLumpur,trn_freight_road,2070,0.812395697
MTC,Ref_cities,KualaLumpur,trn_freight_road,2075,0.857779404
MTC,Ref_cities,KualaLumpur,trn_freight_road,2080,0.904822354
MTC,Ref_cities,KualaLumpur,trn_freight_road,2085,0.955843518
MTC,Ref_cities,KualaLumpur,trn_freight_road,2090,1.01122937
MTC,Ref_cities,KualaLumpur,trn_freight_road,2095,1.07092731
MTC,Ref_cities,KualaLumpur,trn_freight_road,2100,1.1348694
MTC,Ref_cities,KualaLumpur,trn_pass,1975,0.001168331
MTC,Ref_cities,KualaLumpur,trn_pass,1990,0.00304575
MTC,Ref_cities,KualaLumpur,trn_pass,2005,0.00918248
MTC,Ref_cities,KualaLumpur,trn_pass,2010,0.01046826
MTC,Ref_cities,KualaLumpur,trn_pass,2015,0.01416674
MTC,Ref_cities,KualaLumpur,trn_pass,2020,0.01550565
MTC,Ref_cities,KualaLumpur,trn_pass,2025,0.01750751
MTC,Ref_cities,KualaLumpur,trn_pass,2030,0.01956029
MTC,Ref_cities,KualaLumpur,trn_pass,2035,0.02150336
MTC,Ref_cities,KualaLumpur,trn_pass,2040,0.02312541
MTC,Ref_cities,KualaLumpur,trn_pass,2045,0.02435238
MTC,Ref_cities,KualaLumpur,trn_pass,2050,0.02524413
MTC,Ref_cities,KualaLumpur,trn_pass,2055,0.02627264
MTC,Ref_cities,KualaLumpur,trn_pass,2060,0.02702055
MTC,Ref_cities,KualaLumpur,trn_pass,2065,0.0275735
MTC,Ref_cities,KualaLumpur,trn_pass,2070,0.02795776
MTC,Ref_cities,KualaLumpur,trn_pass,2075,0.02818274
MTC,Ref_cities,KualaLumpur,trn_pass,2080,0.02828631
MTC,Ref_cities,KualaLumpur,trn_pass,2085,0.02830103
MTC,Ref_cities,KualaLumpur,trn_pass,2090,0.02823764
MTC,Ref_cities,KualaLumpur,trn_pass,2095,0.02811829
MTC,Ref_cities,KualaLumpur,trn_pass,2100,0.02794003
MTC,Ref_cities,KualaLumpur,trn_pass_road,1975,0.00980639
MTC,Ref_cities,KualaLumpur,trn_pass_road,1990,0.0267188
MTC,Ref_cities,KualaLumpur,trn_pass_road,2005,0.07624231
MTC,Ref_cities,KualaLumpur,trn_pass_road,2010,0.08443203
MTC,Ref_cities,KualaLumpur,trn_pass_road,2015,0.11776381
MTC,Ref_cities,KualaLumpur,trn_pass_road,2020,0.15192816
MTC,Ref_cities,KualaLumpur,trn_pass_road,2025,0.16001625
MTC,Ref_cities,KualaLumpur,trn_pass_road,2030,0.12727909
MTC,Ref_cities,KualaLumpur,trn_pass_road,2035,0.11234467
MTC,Ref_cities,KualaLumpur,trn_pass_road,2040,0.10631989
MTC,Ref_cities,KualaLumpur,trn_pass_road,2045,0.1041654
MTC,Ref_cities,KualaLumpur,trn_pass_road,2050,0.10351737
MTC,Ref_cities,KualaLumpur,trn_pass_road,2055,0.10449621
MTC,Ref_cities,KualaLumpur,trn_pass_road,2060,0.10611864
MTC,Ref_cities,KualaLumpur,trn_pass_road,2065,0.10733557
MTC,Ref_cities,KualaLumpur,trn_pass_road,2070,0.10636606
MTC,Ref_cities,KualaLumpur,trn_pass_road,2075,0.10442196
MTC,Ref_cities,KualaLumpur,trn_pass_road,2080,0.10200885
MTC,Ref_cities,KualaLumpur,trn_pass_road,2085,0.09954947
MTC,Ref_cities,KualaLumpur,trn_pass_road,2090,0.09691652
MTC,Ref_cities,KualaLumpur,trn_pass_road,2095,0.09420733
MTC,Ref_cities,KualaLumpur,trn_pass_road,2100,0.09149885
MTC,Ref_cities,KualaLumpur,trn_pass_road_LDV,1975,0.0194296
MTC,Ref_cities,KualaLumpur,trn_pass_road_LDV,1990,0.0529429
MTC,Ref_cities,KualaLumpur,trn_pass_road_LDV,2005,0.148072344
MTC,Ref_cities,KualaLumpur,trn_pass_road_LDV,2010,0.159506397
MTC,Ref_cities,KualaLumpur,trn_pass_road_LDV,2015,0.225013375
MTC,Ref_cities,KualaLumpur,trn_pass_road_LDV,2020,0.16198738
MTC,Ref_cities,KualaLumpur,trn_pass_road_LDV,2025,0.12915897
MTC,Ref_cities,KualaLumpur,trn_pass_road_LDV,2030,0.13107742
MTC,Ref_cities,KualaLumpur,trn_pass_road_LDV,2035,0.11964015
MTC,Ref_cities,KualaLumpur,trn_pass_road_LDV,2040,0.10538625
MTC,Ref_cities,KualaLumpur,trn_pass_road_LDV,2045,0.09501293
MTC,Ref_cities,KualaLumpur,trn_pass_road_LDV,2050,0.0858552
MTC,Ref_cities,KualaLumpur,trn_pass_road_LDV,2055,0.0810137
MTC,Ref_cities,KualaLumpur,trn_pass_road_LDV,2060,0.0756506
MTC,Ref_cities,KualaLumpur,trn_pass_road_LDV,2065,0.070489
MTC,Ref_cities,KualaLumpur,trn_pass_road_LDV,2070,0.0663834
MTC,Ref_cities,KualaLumpur,trn_pass_road_LDV,2075,0.0629614
MTC,Ref_cities,KualaLumpur,trn_pass_road_LDV,2080,0.0603465
MTC,Ref_cities,KualaLumpur,trn_pass_road_LDV,2085,0.0571674
MTC,Ref_cities,KualaLumpur,trn_pass_road_LDV,2090,0.0537656
MTC,Ref_cities,KualaLumpur,trn_pass_road_LDV,2095,0.0506253
MTC,Ref_cities,KualaLumpur,trn_pass_road_LDV,2100,0.0489068
MTC,Ref_cities,KualaLumpur,trn_pass_road_LDV_4W,1975,0.01894316
MTC,Ref_cities,KualaLumpur,trn_pass_road_LDV_4W,1990,0.05161692
MTC,Ref_cities,KualaLumpur,trn_pass_road_LDV_4W,2005,0.14564995
MTC,Ref_cities,KualaLumpur,trn_pass_road_LDV_4W,2010,0.158852966
MTC,Ref_cities,KualaLumpur,trn_pass_road_LDV_4W,2015,0.222951121
MTC,Ref_cities,KualaLumpur,trn_pass_road_LDV_4W,2020,0.173956203
MTC,Ref_cities,KualaLumpur,trn_pass_road_LDV_4W,2025,0.1484575108
MTC,Ref_cities,KualaLumpur,trn_pass_road_LDV_4W,2030,0.1374216156
MTC,Ref_cities,KualaLumpur,trn_pass_road_LDV_4W,2035,0.1239155915
MTC,Ref_cities,KualaLumpur,trn_pass_road_LDV_4W,2040,0.1106349543
MTC,Ref_cities,KualaLumpur,trn_pass_road_LDV_4W,2045,0.1100157495
MTC,Ref_cities,KualaLumpur,trn_pass_road_LDV_4W,2050,0.1092646064
MTC,Ref_cities,KualaLumpur,trn_pass_road_LDV_4W,2055,0.1089940019
MTC,Ref_cities,KualaLumpur,trn_pass_road_LDV_4W,2060,0.1073617528
MTC,Ref_cities,KualaLumpur,trn_pass_road_LDV_4W,2065,0.1049235704
MTC,Ref_cities,KualaLumpur,trn_pass_road_LDV_4W,2070,0.103342045
MTC,Ref_cities,KualaLumpur,trn_pass_road_LDV_4W,2075,0.1025073695
MTC,Ref_cities,KualaLumpur,trn_pass_road_LDV_4W,2080,0.1015889681
MTC,Ref_cities,KualaLumpur,trn_pass_road_LDV_4W,2085,0.1000049615
MTC,Ref_cities,KualaLumpur,trn_pass_road_LDV_4W,2090,0.0983537186
MTC,Ref_cities,KualaLumpur,trn_pass_road_LDV_4W,2095,0.0967464229
MTC,Ref_cities,KualaLumpur,trn_pass_road_LDV_4W,2100,0.0949380901
MTC,Ref_cities,KualaLumpur,trn_shipping_intl,1975,0.0032349
MTC,Ref_cities,KualaLumpur,trn_shipping_intl,1990,0.00424242
MTC,Ref_cities,KualaLumpur,trn_shipping_intl,2005,0.00540815
MTC,Ref_cities,KualaLumpur,trn_shipping_intl,2010,0.112771
MTC,Ref_cities,KualaLumpur,trn_shipping_intl,2015,0.0160345
MTC,Ref_cities,KualaLumpur,trn_shipping_intl,2020,0.016622
MTC,Ref_cities,KualaLumpur,trn_shipping_intl,2025,0.0180376
MTC,Ref_cities,KualaLumpur,trn_shipping_intl,2030,0.0196543
MTC,Ref_cities,KualaLumpur,trn_shipping_intl,2035,0.0214066
MTC,Ref_cities,KualaLumpur,trn_shipping_intl,2040,0.0231485
MTC,Ref_cities,KualaLumpur,trn_shipping_intl,2045,0.0247538
MTC,Ref_cities,KualaLumpur,trn_shipping_intl,2050,0.0262023
MTC,Ref_cities,KualaLumpur,trn_shipping_intl,2055,0.0274648
MTC,Ref_cities,KualaLumpur,trn_shipping_intl,2060,0.0285612
MTC,Ref_cities,KualaLumpur,trn_shipping_intl,2065,0.0295674
MTC,Ref_cities,KualaLumpur,trn_shipping_intl,2070,0.0304549
MTC,Ref_cities,KualaLumpur,trn_shipping_intl,2075,0.0313156
MTC,Ref_cities,KualaLumpur,trn_shipping_intl,2080,0.0322003
MTC,Ref_cities,KualaLumpur,trn_shipping_intl,2085,0.033139
MTC,Ref_cities,KualaLumpur,trn_shipping_intl,2090,0.0341107
MTC,Ref_cities,KualaLumpur,trn_shipping_intl,2095,0.0351188
MTC,Ref_cities,KualaLumpur,trn_shipping_intl,2100,0.0362647
MTC,Ref_cities,Malaysia,backup_electricity,2020,1.14334e-10
MTC,Ref_cities,Malaysia,backup_electricity,2025,6.21354e-10
MTC,Ref_cities,Malaysia,backup_electricity,2030,1.89173e-07
MTC,Ref_cities,Malaysia,backup_electricity,2035,0.000375851
MTC,Ref_cities,Malaysia,backup_electricity,2040,0.00624417
MTC,Ref_cities,Malaysia,backup_electricity,2045,0.0121689
MTC,Ref_cities,Malaysia,backup_electricity,2050,0.0234427
MTC,Ref_cities,Malaysia,backup_electricity,2055,0.0356255
MTC,Ref_cities,Malaysia,backup_electricity,2060,0.0375042
MTC,Ref_cities,Malaysia,backup_electricity,2065,0.0421114
MTC,Ref_cities,Malaysia,backup_electricity,2070,0.0332534
MTC,Ref_cities,Malaysia,backup_electricity,2075,0.0327051
MTC,Ref_cities,Malaysia,backup_electricity,2080,0.0565922
MTC,Ref_cities,Malaysia,backup_electricity,2085,0.0846991
MTC,Ref_cities,Malaysia,backup_electricity,2090,0.0944865
MTC,Ref_cities,Malaysia,backup_electricity,2095,0.0768431
MTC,Ref_cities,Malaysia,backup_electricity,2100,0.0619789
MTC,Ref_cities,Malaysia,biomass offset,1975,-0.620871
MTC,Ref_cities,Malaysia,biomass offset,1990,-0.988777
MTC,Ref_cities,Malaysia,biomass offset,2005,-1.00707
MTC,Ref_cities,Malaysia,biomass offset,2010,-0.759964
MTC,Ref_cities,Malaysia,biomass offset,2015,-0.274563
MTC,Ref_cities,Malaysia,biomass offset,2020,-0.382872
MTC,Ref_cities,Malaysia,biomass offset,2025,-0.588116
MTC,Ref_cities,Malaysia,biomass offset,2030,-0.904622
MTC,Ref_cities,Malaysia,biomass offset,2035,-1.33277
MTC,Ref_cities,Malaysia,biomass offset,2040,-2.01438
MTC,Ref_cities,Malaysia,biomass offset,2045,-2.86302
MTC,Ref_cities,Malaysia,biomass offset,2050,-3.67399
MTC,Ref_cities,Malaysia,biomass offset,2055,-4.23298
MTC,Ref_cities,Malaysia,biomass offset,2060,-4.53348
MTC,Ref_cities,Malaysia,biomass offset,2065,-4.86098
MTC,Ref_cities,Malaysia,biomass offset,2070,-4.95572
MTC,Ref_cities,Malaysia,biomass offset,2075,-5.09439
MTC,Ref_cities,Malaysia,biomass offset,2080,-5.49051
MTC,Ref_cities,Malaysia,biomass offset,2085,-5.88945
MTC,Ref_cities,Malaysia,biomass offset,2090,-6.30721
MTC,Ref_cities,Malaysia,biomass offset,2095,-6.64013
MTC,Ref_cities,Malaysia,biomass offset,2100,-6.96465
MTC,Ref_cities,Malaysia,cement,1975,0.197
MTC,Ref_cities,Malaysia,cement,1990,0.8
MTC,Ref_cities,Malaysia,cement,2005,2.429
MTC,Ref_cities,Malaysia,cement,2010,2.516
MTC,Ref_cities,Malaysia,cement,2015,2.516
MTC,Ref_cities,Malaysia,cement,2020,2.62731
MTC,Ref_cities,Malaysia,cement,2025,2.78807
MTC,Ref_cities,Malaysia,cement,2030,2.95034
MTC,Ref_cities,Malaysia,cement,2035,3.10314
MTC,Ref_cities,Malaysia,cement,2040,3.23394
MTC,Ref_cities,Malaysia,cement,2045,3.34356
MTC,Ref_cities,Malaysia,cement,2050,3.43068
MTC,Ref_cities,Malaysia,cement,2055,3.50294
MTC,Ref_cities,Malaysia,cement,2060,3.56673
MTC,Ref_cities,Malaysia,cement,2065,3.61279
MTC,Ref_cities,Malaysia,cement,2070,3.65365
MTC,Ref_cities,Malaysia,cement,2075,3.67625
MTC,Ref_cities,Malaysia,cement,2080,3.67028
MTC,Ref_cities,Malaysia,cement,2085,3.65158
MTC,Ref_cities,Malaysia,cement,2090,3.62149
MTC,Ref_cities,Malaysia,cement,2095,3.58672
MTC,Ref_cities,Malaysia,cement,2100,3.54854
MTC,Ref_cities,Malaysia,elec_biomass (conv),2010,0.3331217
MTC,Ref_cities,Malaysia,elec_biomass (conv),2015,0.22721626
MTC,Ref_cities,Malaysia,elec_biomass (conv),2020,0.32046124
MTC,Ref_cities,Malaysia,elec_biomass (conv),2025,0.35571577
MTC,Ref_cities,Malaysia,elec_biomass (conv),2030,0.42892089
MTC,Ref_cities,Malaysia,elec_biomass (conv),2035,0.48891606
MTC,Ref_cities,Malaysia,elec_biomass (conv),2040,0.53224809
MTC,Ref_cities,Malaysia,elec_biomass (conv),2045,0.54904491
MTC,Ref_cities,Malaysia,elec_biomass (conv),2050,0.57458324
MTC,Ref_cities,Malaysia,elec_biomass (conv),2055,0.601752674
MTC,Ref_cities,Malaysia,elec_biomass (conv),2060,0.632864837
MTC,Ref_cities,Malaysia,elec_biomass (conv),2065,0.738807882
MTC,Ref_cities,Malaysia,elec_biomass (conv),2070,0.7828409268
MTC,Ref_cities,Malaysia,elec_biomass (conv),2075,0.847977208
MTC,Ref_cities,Malaysia,elec_biomass (conv),2080,1.032924875
MTC,Ref_cities,Malaysia,elec_biomass (conv),2085,1.21643691
MTC,Ref_cities,Malaysia,elec_biomass (conv),2090,1.38866989
MTC,Ref_cities,Malaysia,elec_biomass (conv),2095,1.49799165
MTC,Ref_cities,Malaysia,elec_biomass (conv),2100,1.59244477
MTC,Ref_cities,Malaysia,elec_biomass (IGCC),2025,0.036466794
MTC,Ref_cities,Malaysia,elec_biomass (IGCC),2030,0.084260037
MTC,Ref_cities,Malaysia,elec_biomass (IGCC),2035,0.139095299
MTC,Ref_cities,Malaysia,elec_biomass (IGCC),2040,0.202677421
MTC,Ref_cities,Malaysia,elec_biomass (IGCC),2045,0.256051564
MTC,Ref_cities,Malaysia,elec_biomass (IGCC),2050,0.298068761
MTC,Ref_cities,Malaysia,elec_biomass (IGCC),2055,0.335843803
MTC,Ref_cities,Malaysia,elec_biomass (IGCC),2060,0.382148853
MTC,Ref_cities,Malaysia,elec_biomass (IGCC),2065,0.471533839
MTC,Ref_cities,Malaysia,elec_biomass (IGCC),2070,0.549210535
MTC,Ref_cities,Malaysia,elec_biomass (IGCC),2075,0.63321994
MTC,Ref_cities,Malaysia,elec_biomass (IGCC),2080,0.786498234
MTC,Ref_cities,Malaysia,elec_biomass (IGCC),2085,0.921620813
MTC,Ref_cities,Malaysia,elec_biomass (IGCC),2090,1.066049453
MTC,Ref_cities,Malaysia,elec_biomass (IGCC),2095,1.187847674
MTC,Ref_cities,Malaysia,elec_biomass (IGCC),2100,1.311186553
MTC,Ref_cities,Malaysia,elec_coal (conv pul),1990,0.9290788
MTC,Ref_cities,Malaysia,elec_coal (conv pul),2005,6.332131
MTC,Ref_cities,Malaysia,elec_coal (conv pul),2010,14.800114
MTC,Ref_cities,Malaysia,elec_coal (conv pul),2015,17.858228
MTC,Ref_cities,Malaysia,elec_coal (conv pul),2020,22.4679717
MTC,Ref_cities,Malaysia,elec_coal (conv pul),2025,23.6321686
MTC,Ref_cities,Malaysia,elec_coal (conv pul),2030,24.3102107
MTC,Ref_cities,Malaysia,elec_coal (conv pul),2035,24.3523879
MTC,Ref_cities,Malaysia,elec_coal (conv pul),2040,23.9764018
MTC,Ref_cities,Malaysia,elec_coal (conv pul),2045,23.0000423
MTC,Ref_cities,Malaysia,elec_coal (conv pul),2050,21.5705755
MTC,Ref_cities,Malaysia,elec_coal (conv pul),2055,20.17398572
MTC,Ref_cities,Malaysia,elec_coal (conv pul),2060,19.22543607
MTC,Ref_cities,Malaysia,elec_coal (conv pul),2065,18.94392841
MTC,Ref_cities,Malaysia,elec_coal (conv pul),2070,18.98760636
MTC,Ref_cities,Malaysia,elec_coal (conv pul),2075,18.36756318
MTC,Ref_cities,Malaysia,elec_coal (conv pul),2080,13.20985052
MTC,Ref_cities,Malaysia,elec_coal (conv pul),2085,12.10122291
MTC,Ref_cities,Malaysia,elec_coal (conv pul),2090,11.23538852
MTC,Ref_cities,Malaysia,elec_coal (conv pul),2095,10.53516228
MTC,Ref_cities,Malaysia,elec_coal (conv pul),2100,9.92743238
MTC,Ref_cities,Malaysia,elec_coal (IGCC),2025,0.9129542
MTC,Ref_cities,Malaysia,elec_coal (IGCC),2030,1.8437637
MTC,Ref_cities,Malaysia,elec_coal (IGCC),2035,2.7227518
MTC,Ref_cities,Malaysia,elec_coal (IGCC),2040,3.6365922
MTC,Ref_cities,Malaysia,elec_coal (IGCC),2045,4.37993285
MTC,Ref_cities,Malaysia,elec_coal (IGCC),2050,4.85871928
MTC,Ref_cities,Malaysia,elec_coal (IGCC),2055,5.21196279
MTC,Ref_cities,Malaysia,elec_coal (IGCC),2060,5.61253719
MTC,Ref_cities,Malaysia,elec_coal (IGCC),2065,6.19297077
MTC,Ref_cities,Malaysia,elec_coal (IGCC),2070,6.76418641
MTC,Ref_cities,Malaysia,elec_coal (IGCC),2075,7.27561284
MTC,Ref_cities,Malaysia,elec_coal (IGCC),2080,7.83910129
MTC,Ref_cities,Malaysia,elec_coal (IGCC),2085,7.51370549
MTC,Ref_cities,Malaysia,elec_coal (IGCC),2090,7.24702077
MTC,Ref_cities,Malaysia,elec_coal (IGCC),2095,6.99764881
MTC,Ref_cities,Malaysia,elec_coal (IGCC),2100,6.75477294
MTC,Ref_cities,Malaysia,elec_gas (CC),1990,0.27004268
MTC,Ref_cities,Malaysia,elec_gas (CC),2005,1.4011154
MTC,Ref_cities,Malaysia,elec_gas (CC),2020,0.94565
MTC,Ref_cities,Malaysia,elec_gas (CC),2025,1.7994751
MTC,Ref_cities,Malaysia,elec_gas (CC),2030,3.2090088
MTC,Ref_cities,Malaysia,elec_gas (CC),2035,5.0472046
MTC,Ref_cities,Malaysia,elec_gas (CC),2040,7.3309549
MTC,Ref_cities,Malaysia,elec_gas (CC),2045,9.3585689
MTC,Ref_cities,Malaysia,elec_gas (CC),2050,10.660022
MTC,Ref_cities,Malaysia,elec_gas (CC),2055,11.6461204
MTC,Ref_cities,Malaysia,elec_gas (CC),2060,12.7799912
MTC,Ref_cities,Malaysia,elec_gas (CC),2065,13.5933028
MTC,Ref_cities,Malaysia,elec_gas (CC),2070,14.3069663
MTC,Ref_cities,Malaysia,elec_gas (CC),2075,14.4252894
MTC,Ref_cities,Malaysia,elec_gas (CC),2080,14.4341634
MTC,Ref_cities,Malaysia,elec_gas (CC),2085,13.8098363
MTC,Ref_cities,Malaysia,elec_gas (CC),2090,13.3934972
MTC,Ref_cities,Malaysia,elec_gas (CC),2095,13.4188225
MTC,Ref_cities,Malaysia,elec_gas (CC),2100,13.6935417
MTC,Ref_cities,Malaysia,elec_gas (steam/CT),1990,0.5389526
MTC,Ref_cities,Malaysia,elec_gas (steam/CT),2005,6.441562
MTC,Ref_cities,Malaysia,elec_gas (steam/CT),2010,10.718443
MTC,Ref_cities,Malaysia,elec_gas (steam/CT),2015,10.109768
MTC,Ref_cities,Malaysia,elec_gas (steam/CT),2020,10.1718548
MTC,Ref_cities,Malaysia,elec_gas (steam/CT),2025,10.3020953
MTC,Ref_cities,Malaysia,elec_gas (steam/CT),2030,10.1636368
MTC,Ref_cities,Malaysia,elec_gas (steam/CT),2035,9.2323819
MTC,Ref_cities,Malaysia,elec_gas (steam/CT),2040,8.0444333
MTC,Ref_cities,Malaysia,elec_gas (steam/CT),2045,7.1190111
MTC,Ref_cities,Malaysia,elec_gas (steam/CT),2050,6.57136956
MTC,Ref_cities,Malaysia,elec_gas (steam/CT),2055,6.26643381
MTC,Ref_cities,Malaysia,elec_gas (steam/CT),2060,5.54170209
MTC,Ref_cities,Malaysia,elec_gas (steam/CT),2065,3.66748657
MTC,Ref_cities,Malaysia,elec_gas (steam/CT),2070,2.57758944
MTC,Ref_cities,Malaysia,elec_gas (steam/CT),2075,1.77981447
MTC,Ref_cities,Malaysia,elec_gas (steam/CT),2080,1.33824507
MTC,Ref_cities,Malaysia,elec_gas (steam/CT),2085,0.89784932
MTC,Ref_cities,Malaysia,elec_gas (steam/CT),2090,0.64298502
MTC,Ref_cities,Malaysia,elec_gas (steam/CT),2095,0.54056972
MTC,Ref_cities,Malaysia,elec_gas (steam/CT),2100,0.486896981
MTC,Ref_cities,Malaysia,elec_refined liquids (CC),2020,0.04224819
MTC,Ref_cities,Malaysia,elec_refined liquids (CC),2025,0.044328115
MTC,Ref_cities,Malaysia,elec_refined liquids (CC),2030,0.0688715212
MTC,Ref_cities,Malaysia,elec_refined liquids (CC),2035,0.0917071931
MTC,Ref_cities,Malaysia,elec_refined liquids (CC),2040,0.1205206678
MTC,Ref_cities,Malaysia,elec_refined liquids (CC),2045,0.122890535
MTC,Ref_cities,Malaysia,elec_refined liquids (CC),2050,0.1105274661
MTC,Ref_cities,Malaysia,elec_refined liquids (CC),2055,0.1088239543
MTC,Ref_cities,Malaysia,elec_refined liquids (CC),2060,0.1187497755
MTC,Ref_cities,Malaysia,elec_refined liquids (CC),2065,0.1470054473
MTC,Ref_cities,Malaysia,elec_refined liquids (CC),2070,0.142061158
MTC,Ref_cities,Malaysia,elec_refined liquids (CC),2075,0.135693304
MTC,Ref_cities,Malaysia,elec_refined liquids (CC),2080,0.165313675
MTC,Ref_cities,Malaysia,elec_refined liquids (CC),2085,0.184896885
MTC,Ref_cities,Malaysia,elec_refined liquids (CC),2090,0.205835136
MTC,Ref_cities,Malaysia,elec_refined liquids (CC),2095,0.210862686
MTC,Ref_cities,Malaysia,elec_refined liquids (CC),2100,0.220415143
MTC,Ref_cities,Malaysia,elec_refined liquids (steam/CT),1990,2.4523451
MTC,Ref_cities,Malaysia,elec_refined liquids (steam/CT),2005,0.4709424
MTC,Ref_cities,Malaysia,elec_refined liquids (steam/CT),2010,0.6079577
MTC,Ref_cities,Malaysia,elec_refined liquids (steam/CT),2015,0.3536166
MTC,Ref_cities,Malaysia,elec_refined liquids (steam/CT),2020,0.16847122
MTC,Ref_cities,Malaysia,elec_refined liquids (steam/CT),2025,0.139809005
MTC,Ref_cities,Malaysia,elec_refined liquids (steam/CT),2030,0.125367829
MTC,Ref_cities,Malaysia,elec_refined liquids (steam/CT),2035,0.105548182
MTC,Ref_cities,Malaysia,elec_refined liquids (steam/CT),2040,0.092374322
MTC,Ref_cities,Malaysia,elec_refined liquids (steam/CT),2045,0.079780543
MTC,Ref_cities,Malaysia,elec_refined liquids (steam/CT),2050,0.0799803552
MTC,Ref_cities,Malaysia,elec_refined liquids (steam/CT),2055,0.0805373913
MTC,Ref_cities,Malaysia,elec_refined liquids (steam/CT),2060,0.0696833732
MTC,Ref_cities,Malaysia,elec_refined liquids (steam/CT),2065,0.0505094427
MTC,Ref_cities,Malaysia,elec_refined liquids (steam/CT),2070,0.0353934065
MTC,Ref_cities,Malaysia,elec_refined liquids (steam/CT),2075,0.0254964991
MTC,Ref_cities,Malaysia,elec_refined liquids (steam/CT),2080,0.023092469
MTC,Ref_cities,Malaysia,elec_refined liquids (steam/CT),2085,0.0183989428
MTC,Ref_cities,Malaysia,elec_refined liquids (steam/CT),2090,0.0155637307
MTC,Ref_cities,Malaysia,elec_refined liquids (steam/CT),2095,0.0143424749
MTC,Ref_cities,Malaysia,elec_refined liquids (steam/CT),2100,0.0142878559
MTC,Ref_cities,Malaysia,gas pipeline,1990,2.02992
MTC,Ref_cities,Malaysia,gas pipeline,2005,0.582524
MTC,Ref_cities,Malaysia,gas pipeline,2010,0.855358
MTC,Ref_cities,Malaysia,gas pipeline,2015,1.25956
MTC,Ref_cities,Malaysia,gas pipeline,2020,1.38157
MTC,Ref_cities,Malaysia,gas pipeline,2025,1.49452
MTC,Ref_cities,Malaysia,gas pipeline,2030,1.62564
MTC,Ref_cities,Malaysia,gas pipeline,2035,1.72441
MTC,Ref_cities,Malaysia,gas pipeline,2040,1.82365
MTC,Ref_cities,Malaysia,gas pipeline,2045,1.93137
MTC,Ref_cities,Malaysia,gas pipeline,2050,2.01971
MTC,Ref_cities,Malaysia,gas pipeline,2055,2.10344
MTC,Ref_cities,Malaysia,gas pipeline,2060,2.16337
MTC,Ref_cities,Malaysia,gas pipeline,2065,2.12879
MTC,Ref_cities,Malaysia,gas pipeline,2070,2.1185
MTC,Ref_cities,Malaysia,gas pipeline,2075,2.0961
MTC,Ref_cities,Malaysia,gas pipeline,2080,2.10824
MTC,Ref_cities,Malaysia,gas pipeline,2085,2.06519
MTC,Ref_cities,Malaysia,gas pipeline,2090,2.02693
MTC,Ref_cities,Malaysia,gas pipeline,2095,2.01379
MTC,Ref_cities,Malaysia,gas pipeline,2100,2.0139
MTC,Ref_cities,Malaysia,gas processing,2010,0.000699269
MTC,Ref_cities,Malaysia,gas processing,2015,0.0125751
MTC,Ref_cities,Malaysia,gas processing,2020,0.02237563
MTC,Ref_cities,Malaysia,gas processing,2025,0.0383395
MTC,Ref_cities,Malaysia,gas processing,2030,0.0517503
MTC,Ref_cities,Malaysia,gas processing,2035,0.0702869
MTC,Ref_cities,Malaysia,gas processing,2040,0.09953
MTC,Ref_cities,Malaysia,gas processing,2045,0.1359174
MTC,Ref_cities,Malaysia,gas processing,2050,0.1998512
MTC,Ref_cities,Malaysia,gas processing,2055,0.2682804
MTC,Ref_cities,Malaysia,gas processing,2060,0.320774
MTC,Ref_cities,Malaysia,gas processing,2065,0.3683341
MTC,Ref_cities,Malaysia,gas processing,2070,0.417093
MTC,Ref_cities,Malaysia,gas processing,2075,0.4493642
MTC,Ref_cities,Malaysia,gas processing,2080,0.5033383
MTC,Ref_cities,Malaysia,gas processing,2085,0.5827024
MTC,Ref_cities,Malaysia,gas processing,2090,0.7383274
MTC,Ref_cities,Malaysia,gas processing,2095,0.9529336
MTC,Ref_cities,Malaysia,gas processing,2100,1.2475235
MTC,Ref_cities,Malaysia,H2 central production,2020,0.01807189
MTC,Ref_cities,Malaysia,H2 central production,2025,0.04015045
MTC,Ref_cities,Malaysia,H2 central production,2030,0.06360259
MTC,Ref_cities,Malaysia,H2 central production,2035,0.0892159
MTC,Ref_cities,Malaysia,H2 central production,2040,0.1178575
MTC,Ref_cities,Malaysia,H2 central production,2045,0.1506059
MTC,Ref_cities,Malaysia,H2 central production,2050,0.1938895
MTC,Ref_cities,Malaysia,H2 central production,2055,0.2057663
MTC,Ref_cities,Malaysia,H2 central production,2060,0.2099121
MTC,Ref_cities,Malaysia,H2 central production,2065,0.2119929
MTC,Ref_cities,Malaysia,H2 central production,2070,0.2172985
MTC,Ref_cities,Malaysia,H2 central production,2075,0.225082
MTC,Ref_cities,Malaysia,H2 central production,2080,0.2457446
MTC,Ref_cities,Malaysia,H2 central production,2085,0.265115
MTC,Ref_cities,Malaysia,H2 central production,2090,0.2862251
MTC,Ref_cities,Malaysia,H2 central production,2095,0.3049987
MTC,Ref_cities,Malaysia,H2 central production,2100,0.307514
MTC,Ref_cities,Malaysia,H2 forecourt production,2020,0.00623409
MTC,Ref_cities,Malaysia,H2 forecourt production,2025,0.0139169
MTC,Ref_cities,Malaysia,H2 forecourt production,2030,0.0224939
MTC,Ref_cities,Malaysia,H2 forecourt production,2035,0.0318193
MTC,Ref_cities,Malaysia,H2 forecourt production,2040,0.0419156
MTC,Ref_cities,Malaysia,H2 forecourt production,2045,0.0539164
MTC,Ref_cities,Malaysia,H2 forecourt production,2050,0.0691549
MTC,Ref_cities,Malaysia,H2 forecourt production,2055,0.0753856
MTC,Ref_cities,Malaysia,H2 forecourt production,2060,0.0806227
MTC,Ref_cities,Malaysia,H2 forecourt production,2065,0.0860889
MTC,Ref_cities,Malaysia,H2 forecourt production,2070,0.0859309
MTC,Ref_cities,Malaysia,H2 forecourt production,2075,0.0873702
MTC,Ref_cities,Malaysia,H2 forecourt production,2080,0.0938313
MTC,Ref_cities,Malaysia,H2 forecourt production,2085,0.0979705
MTC,Ref_cities,Malaysia,H2 forecourt production,2090,0.0999702
MTC,Ref_cities,Malaysia,H2 forecourt production,2095,0.0994678
MTC,Ref_cities,Malaysia,H2 forecourt production,2100,0.0948279
MTC,Ref_cities,Malaysia,N fertilizer,1975,0.0417791
MTC,Ref_cities,Malaysia,N fertilizer,1990,0.165456
MTC,Ref_cities,Malaysia,N fertilizer,2005,0.244578
MTC,Ref_cities,Malaysia,N fertilizer,2010,0.302749
MTC,Ref_cities,Malaysia,N fertilizer,2015,0.244316
MTC,Ref_cities,Malaysia,N fertilizer,2020,0.2505131
MTC,Ref_cities,Malaysia,N fertilizer,2025,0.2556415
MTC,Ref_cities,Malaysia,N fertilizer,2030,0.2560804
MTC,Ref_cities,Malaysia,N fertilizer,2035,0.2579747
MTC,Ref_cities,Malaysia,N fertilizer,2040,0.258308
MTC,Ref_cities,Malaysia,N fertilizer,2045,0.2610577
MTC,Ref_cities,Malaysia,N fertilizer,2050,0.2654869
MTC,Ref_cities,Malaysia,N fertilizer,2055,0.26219583
MTC,Ref_cities,Malaysia,N fertilizer,2060,0.26408686
MTC,Ref_cities,Malaysia,N fertilizer,2065,0.26474176
MTC,Ref_cities,Malaysia,N fertilizer,2070,0.26330657
MTC,Ref_cities,Malaysia,N fertilizer,2075,0.26143797
MTC,Ref_cities,Malaysia,N fertilizer,2080,0.25979951
MTC,Ref_cities,Malaysia,N fertilizer,2085,0.25775394
MTC,Ref_cities,Malaysia,N fertilizer,2090,0.25541228
MTC,Ref_cities,Malaysia,N fertilizer,2095,0.25250111
MTC,Ref_cities,Malaysia,N fertilizer,2100,0.24930659
MTC,Ref_cities,Malaysia,process heat cement,1975,0.1513703
MTC,Ref_cities,Malaysia,process heat cement,1990,0.60028834
MTC,Ref_cities,Malaysia,process heat cement,2005,1.6969765
MTC,Ref_cities,Malaysia,process heat cement,2010,1.8036505
MTC,Ref_cities,Malaysia,process heat cement,2015,1.8036505
MTC,Ref_cities,Malaysia,process heat cement,2020,2.1749419
MTC,Ref_cities,Malaysia,process heat cement,2025,2.2731246
MTC,Ref_cities,Malaysia,process heat cement,2030,2.3615245
MTC,Ref_cities,Malaysia,process heat cement,2035,2.4419771
MTC,Ref_cities,Malaysia,process heat cement,2040,2.5059437
MTC,Ref_cities,Malaysia,process heat cement,2045,2.55074
MTC,Ref_cities,Malaysia,process heat cement,2050,2.5808645
MTC,Ref_cities,Malaysia,process heat cement,2055,2.5956741
MTC,Ref_cities,Malaysia,process heat cement,2060,2.5997565
MTC,Ref_cities,Malaysia,process heat cement,2065,2.5900473
MTC,Ref_cities,Malaysia,process heat cement,2070,2.5760621
MTC,Ref_cities,Malaysia,process heat cement,2075,2.5480968
MTC,Ref_cities,Malaysia,process heat cement,2080,2.5023599
MTC,Ref_cities,Malaysia,process heat cement,2085,2.4496597
MTC,Ref_cities,Malaysia,process heat cement,2090,2.3922842
MTC,Ref_cities,Malaysia,process heat cement,2095,2.3322636
MTC,Ref_cities,Malaysia,process heat cement,2100,2.2704924
MTC,Ref_cities,Malaysia,refining,1975,0.0690215
MTC,Ref_cities,Malaysia,refining,1990,-0.236279
MTC,Ref_cities,Malaysia,refining,2005,3.601358
MTC,Ref_cities,Malaysia,refining,2010,2.257910453
MTC,Ref_cities,Malaysia,refining,2015,1.207945
MTC,Ref_cities,Malaysia,refining,2020,1.1596813
MTC,Ref_cities,Malaysia,refining,2025,1.275457657
MTC,Ref_cities,Malaysia,refining,2030,1.439543055
MTC,Ref_cities,Malaysia,refining,2035,1.69366505
MTC,Ref_cities,Malaysia,refining,2040,2.209685474
MTC,Ref_cities,Malaysia,refining,2045,2.96130527
MTC,Ref_cities,Malaysia,refining,2050,3.73418699
MTC,Ref_cities,Malaysia,refining,2055,4.319779403
MTC,Ref_cities,Malaysia,refining,2060,4.64890342
MTC,Ref_cities,Malaysia,refining,2065,4.9240354877
MTC,Ref_cities,Malaysia,refining,2070,5.044288963
MTC,Ref_cities,Malaysia,refining,2075,5.239741004
MTC,Ref_cities,Malaysia,refining,2080,5.569602175
MTC,Ref_cities,Malaysia,refining,2085,5.91070386
MTC,Ref_cities,Malaysia,refining,2090,6.23309341
MTC,Ref_cities,Malaysia,refining,2095,6.513793281
MTC,Ref_cities,Malaysia,refining,2100,6.786573066
MTC,Ref_cities,Malaysia,regional biomassOil,2010,-0.00338218
MTC,Ref_cities,Malaysia,regional biomassOil,2015,-0.328146
MTC,Ref_cities,Malaysia,regional biomassOil,2020,-0.320856
MTC,Ref_cities,Malaysia,regional biomassOil,2025,-0.371885
MTC,Ref_cities,Malaysia,regional biomassOil,2030,-0.426073
MTC,Ref_cities,Malaysia,regional biomassOil,2035,-0.502563
MTC,Ref_cities,Malaysia,regional biomassOil,2040,-0.677043
MTC,Ref_cities,Malaysia,regional biomassOil,2045,-0.960696
MTC,Ref_cities,Malaysia,regional biomassOil,2050,-1.26942
MTC,Ref_cities,Malaysia,regional biomassOil,2055,-1.47592
MTC,Ref_cities,Malaysia,regional biomassOil,2060,-1.56099
MTC,Ref_cities,Malaysia,regional biomassOil,2065,-1.61343
MTC,Ref_cities,Malaysia,regional biomassOil,2070,-1.58194
MTC,Ref_cities,Malaysia,regional biomassOil,2075,-1.53288
MTC,Ref_cities,Malaysia,regional biomassOil,2080,-1.48975
MTC,Ref_cities,Malaysia,regional biomassOil,2085,-1.4522
MTC,Ref_cities,Malaysia,regional biomassOil,2090,-1.43339
MTC,Ref_cities,Malaysia,regional biomassOil,2095,-1.42627
MTC,Ref_cities,Malaysia,regional biomassOil,2100,-1.42785
MTC,Ref_cities,Malaysia,regional sugar for ethanol,2025,-0.00192987
MTC,Ref_cities,Malaysia,regional sugar for ethanol,2030,-0.00643923
MTC,Ref_cities,Malaysia,regional sugar for ethanol,2035,-0.0165127
MTC,Ref_cities,Malaysia,regional sugar for ethanol,2040,-0.0418853
MTC,Ref_cities,Malaysia,regional sugar for ethanol,2045,-0.0816206
MTC,Ref_cities,Malaysia,regional sugar for ethanol,2050,-0.122302
MTC,Ref_cities,Malaysia,regional sugar for ethanol,2055,-0.14711
MTC,Ref_cities,Malaysia,regional sugar for ethanol,2060,-0.159605
MTC,Ref_cities,Malaysia,regional sugar for ethanol,2065,-0.167738
MTC,Ref_cities,Malaysia,regional sugar for ethanol,2070,-0.168258
MTC,Ref_cities,Malaysia,regional sugar for ethanol,2075,-0.168483
MTC,Ref_cities,Malaysia,regional sugar for ethanol,2080,-0.168912
MTC,Ref_cities,Malaysia,regional sugar for ethanol,2085,-0.16779
MTC,Ref_cities,Malaysia,regional sugar for ethanol,2090,-0.166756
MTC,Ref_cities,Malaysia,regional sugar for ethanol,2095,-0.166173
MTC,Ref_cities,Malaysia,regional sugar for ethanol,2100,-0.166281
MTC,Ref_cities,Malaysia,unconventional oil production,2020,1.45628
MTC,Ref_cities,Malaysia,unconventional oil production,2025,2.01299
MTC,Ref_cities,Malaysia,unconventional oil production,2030,2.36519
MTC,Ref_cities,Malaysia,unconventional oil production,2035,2.64926
MTC,Ref_cities,Malaysia,unconventional oil production,2040,3.04887
MTC,Ref_cities,Malaysia,unconventional oil production,2045,3.7223
MTC,Ref_cities,Malaysia,unconventional oil production,2050,4.59242
MTC,Ref_cities,Malaysia,unconventional oil production,2055,5.82174
MTC,Ref_cities,Malaysia,unconventional oil production,2060,7.4759
MTC,Ref_cities,Malaysia,unconventional oil production,2065,9.36834
MTC,Ref_cities,Malaysia,unconventional oil production,2070,11.7035
MTC,Ref_cities,Malaysia,unconventional oil production,2075,14.1418
MTC,Ref_cities,Malaysia,unconventional oil production,2080,16.401
MTC,Ref_cities,Malaysia,unconventional oil production,2085,18.3824
MTC,Ref_cities,Malaysia,unconventional oil production,2090,19.9661
MTC,Ref_cities,Malaysia,unconventional oil production,2095,20.2973
MTC,Ref_cities,Malaysia,unconventional oil production,2100,20.3814
MTC,Ref_cities,Rest of Malaysia,comm others,1990,0.17617224
MTC,Ref_cities,Rest of Malaysia,comm others,2005,0.5326034
MTC,Ref_cities,Rest of Malaysia,comm others,2010,0.8741117
MTC,Ref_cities,Rest of Malaysia,comm others,2015,0.550902
MTC,Ref_cities,Rest of Malaysia,comm others,2020,0.4827749
MTC,Ref_cities,Rest of Malaysia,comm others,2025,0.5252144
MTC,Ref_cities,Rest of Malaysia,comm others,2030,0.5408876
MTC,Ref_cities,Rest of Malaysia,comm others,2035,0.5460452
MTC,Ref_cities,Rest of Malaysia,comm others,2040,0.5466137
MTC,Ref_cities,Rest of Malaysia,comm others,2045,0.5389071
MTC,Ref_cities,Rest of Malaysia,comm others,2050,0.5490765
MTC,Ref_cities,Rest of Malaysia,comm others,2055,0.5471466
MTC,Ref_cities,Rest of Malaysia,comm others,2060,0.5192106
MTC,Ref_cities,Rest of Malaysia,comm others,2065,0.4970893
MTC,Ref_cities,Rest of Malaysia,comm others,2070,0.4520624
MTC,Ref_cities,Rest of Malaysia,comm others,2075,0.4213258
MTC,Ref_cities,Rest of Malaysia,comm others,2080,0.4294077
MTC,Ref_cities,Rest of Malaysia,comm others,2085,0.4258034
MTC,Ref_cities,Rest of Malaysia,comm others,2090,0.4115215
MTC,Ref_cities,Rest of Malaysia,comm others,2095,0.3846561
MTC,Ref_cities,Rest of Malaysia,comm others,2100,0.353206
MTC,Ref_cities,Rest of Malaysia,industrial energy use,1975,1.69603
MTC,Ref_cities,Rest of Malaysia,industrial energy use,1990,3.7367016
MTC,Ref_cities,Rest of Malaysia,industrial energy use,2005,11.545704
MTC,Ref_cities,Rest of Malaysia,industrial energy use,2010,8.342944
MTC,Ref_cities,Rest of Malaysia,industrial energy use,2015,9.5101653
MTC,Ref_cities,Rest of Malaysia,industrial energy use,2020,9.67054723
MTC,Ref_cities,Rest of Malaysia,industrial energy use,2025,10.23896075
MTC,Ref_cities,Rest of Malaysia,industrial energy use,2030,10.62033103
MTC,Ref_cities,Rest of Malaysia,industrial energy use,2035,10.86114189
MTC,Ref_cities,Rest of Malaysia,industrial energy use,2040,11.02792944
MTC,Ref_cities,Rest of Malaysia,industrial energy use,2045,11.23270342
MTC,Ref_cities,Rest of Malaysia,industrial energy use,2050,11.5807574
MTC,Ref_cities,Rest of Malaysia,industrial energy use,2055,11.85292543
MTC,Ref_cities,Rest of Malaysia,industrial energy use,2060,11.88011811
MTC,Ref_cities,Rest of Malaysia,industrial energy use,2065,11.90871378
MTC,Ref_cities,Rest of Malaysia,industrial energy use,2070,11.62556293
MTC,Ref_cities,Rest of Malaysia,industrial energy use,2075,11.47734888
MTC,Ref_cities,Rest of Malaysia,industrial energy use,2080,11.80098548
MTC,Ref_cities,Rest of Malaysia,industrial energy use,2085,11.9076724
MTC,Ref_cities,Rest of Malaysia,industrial energy use,2090,11.81435418
MTC,Ref_cities,Rest of Malaysia,industrial energy use,2095,11.55961586
MTC,Ref_cities,Rest of Malaysia,industrial energy use,2100,11.24754956
MTC,Ref_cities,Rest of Malaysia,industrial feedstocks,1990,0.226306
MTC,Ref_cities,Rest of Malaysia,industrial feedstocks,2005,0.651967
MTC,Ref_cities,Rest of Malaysia,industrial feedstocks,2010,0.68412
MTC,Ref_cities,Rest of Malaysia,industrial feedstocks,2015,2.11436
MTC,Ref_cities,Rest of Malaysia,industrial feedstocks,2020,2.41724
MTC,Ref_cities,Rest of Malaysia,industrial feedstocks,2025,2.67243
MTC,Ref_cities,Rest of Malaysia,industrial feedstocks,2030,2.96313
MTC,Ref_cities,Rest of Malaysia,industrial feedstocks,2035,3.23913
MTC,Ref_cities,Rest of Malaysia,industrial feedstocks,2040,3.48292
MTC,Ref_cities,Rest of Malaysia,industrial feedstocks,2045,3.71608
MTC,Ref_cities,Rest of Malaysia,industrial feedstocks,2050,3.90593
MTC,Ref_cities,Rest of Malaysia,industrial feedstocks,2055,4.09651
MTC,Ref_cities,Rest of Malaysia,industrial feedstocks,2060,4.29084
MTC,Ref_cities,Rest of Malaysia,industrial feedstocks,2065,4.45482
MTC,Ref_cities,Rest of Malaysia,industrial feedstocks,2070,4.60312
MTC,Ref_cities,Rest of Malaysia,industrial feedstocks,2075,4.73787
MTC,Ref_cities,Rest of Malaysia,industrial feedstocks,2080,4.84483
MTC,Ref_cities,Rest of Malaysia,industrial feedstocks,2085,4.92756
MTC,Ref_cities,Rest of Malaysia,industrial feedstocks,2090,4.97863
MTC,Ref_cities,Rest of Malaysia,industrial feedstocks,2095,5.02284
MTC,Ref_cities,Rest of Malaysia,industrial feedstocks,2100,5.0528
MTC,Ref_cities,Rest of Malaysia,resid others,1990,0.56328347
MTC,Ref_cities,Rest of Malaysia,resid others,2005,0.71601336
MTC,Ref_cities,Rest of Malaysia,resid others,2010,0.61124261
MTC,Ref_cities,Rest of Malaysia,resid others,2015,0.465799437
MTC,Ref_cities,Rest of Malaysia,resid others,2020,0.455734839
MTC,Ref_cities,Rest of Malaysia,resid others,2025,0.527941032
MTC,Ref_cities,Rest of Malaysia,resid others,2030,0.589046629
MTC,Ref_cities,Rest of Malaysia,resid others,2035,0.64399041
MTC,Ref_cities,Rest of Malaysia,resid others,2040,0.69033224
MTC,Ref_cities,Rest of Malaysia,resid others,2045,0.71928043
MTC,Ref_cities,Rest of Malaysia,resid others,2050,0.76021581
MTC,Ref_cities,Rest of Malaysia,resid others,2055,0.78033266
MTC,Ref_cities,Rest of Malaysia,resid others,2060,0.76260446
MTC,Ref_cities,Rest of Malaysia,resid others,2065,0.747882008
MTC,Ref_cities,Rest of Malaysia,resid others,2070,0.698688584
MTC,Ref_cities,Rest of Malaysia,resid others,2075,0.665208965
MTC,Ref_cities,Rest of Malaysia,resid others,2080,0.684945248
MTC,Ref_cities,Rest of Malaysia,resid others,2085,0.688737796
MTC,Ref_cities,Rest of Malaysia,resid others,2090,0.676717214
MTC,Ref_cities,Rest of Malaysia,resid others,2095,0.64443276
MTC,Ref_cities,Rest of Malaysia,resid others,2100,0.602674272
MTC,Ref_cities,Rest of Malaysia,trn_aviation_intl,1975,0.182205
MTC,Ref_cities,Rest of Malaysia,trn_aviation_intl,1990,0.459161
MTC,Ref_cities,Rest of Malaysia,trn_aviation_intl,2005,1.4643
MTC,Ref_cities,Rest of Malaysia,trn_aviation_intl,2010,1.73397
MTC,Ref_cities,Rest of Malaysia,trn_aviation_intl,2015,2.28359
MTC,Ref_cities,Rest of Malaysia,trn_aviation_intl,2020,2.50404
MTC,Ref_cities,Rest of Malaysia,trn_aviation_intl,2025,2.80617
MTC,Ref_cities,Rest of Malaysia,trn_aviation_intl,2030,3.15379
MTC,Ref_cities,Rest of Malaysia,trn_aviation_intl,2035,3.51999
MTC,Ref_cities,Rest of Malaysia,trn_aviation_intl,2040,3.8725
MTC,Ref_cities,Rest of Malaysia,trn_aviation_intl,2045,4.17201
MTC,Ref_cities,Rest of Malaysia,trn_aviation_intl,2050,4.40585
MTC,Ref_cities,Rest of Malaysia,trn_aviation_intl,2055,4.68515
MTC,Ref_cities,Rest of Malaysia,trn_aviation_intl,2060,4.91772
MTC,Ref_cities,Rest of Malaysia,trn_aviation_intl,2065,5.11531
MTC,Ref_cities,Rest of Malaysia,trn_aviation_intl,2070,5.27614
MTC,Ref_cities,Rest of Malaysia,trn_aviation_intl,2075,5.41708
MTC,Ref_cities,Rest of Malaysia,trn_aviation_intl,2080,5.55195
MTC,Ref_cities,Rest of Malaysia,trn_aviation_intl,2085,5.69226
MTC,Ref_cities,Rest of Malaysia,trn_aviation_intl,2090,5.83276
MTC,Ref_cities,Rest of Malaysia,trn_aviation_intl,2095,5.9733
MTC,Ref_cities,Rest of Malaysia,trn_aviation_intl,2100,6.10848
MTC,Ref_cities,Rest of Malaysia,trn_freight,1975,0.00690881
MTC,Ref_cities,Rest of Malaysia,trn_freight,1990,0.0505637
MTC,Ref_cities,Rest of Malaysia,trn_freight,2005,0.05569941
MTC,Ref_cities,Rest of Malaysia,trn_freight,2010,0.06586322
MTC,Ref_cities,Rest of Malaysia,trn_freight,2015,0.2138088
MTC,Ref_cities,Rest of Malaysia,trn_freight,2020,0.2246964
MTC,Ref_cities,Rest of Malaysia,trn_freight,2025,0.2520076
MTC,Ref_cities,Rest of Malaysia,trn_freight,2030,0.287442
MTC,Ref_cities,Rest of Malaysia,trn_freight,2035,0.326993
MTC,Ref_cities,Rest of Malaysia,trn_freight,2040,0.366859
MTC,Ref_cities,Rest of Malaysia,trn_freight,2045,0.409137
MTC,Ref_cities,Rest of Malaysia,trn_freight,2050,0.44558
MTC,Ref_cities,Rest of Malaysia,trn_freight,2055,0.474854
MTC,Ref_cities,Rest of Malaysia,trn_freight,2060,0.499396
MTC,Ref_cities,Rest of Malaysia,trn_freight,2065,0.521597
MTC,Ref_cities,Rest of Malaysia,trn_freight,2070,0.541201
MTC,Ref_cities,Rest of Malaysia,trn_freight,2075,0.560635
MTC,Ref_cities,Rest of Malaysia,trn_freight,2080,0.580071
MTC,Ref_cities,Rest of Malaysia,trn_freight,2085,0.601942
MTC,Ref_cities,Rest of Malaysia,trn_freight,2090,0.624506
MTC,Ref_cities,Rest of Malaysia,trn_freight,2095,0.648327
MTC,Ref_cities,Rest of Malaysia,trn_freight,2100,0.671898
MTC,Ref_cities,Rest of Malaysia,trn_freight_road,1975,0.5177472
MTC,Ref_cities,Rest of Malaysia,trn_freight_road,1990,1.410256
MTC,Ref_cities,Rest of Malaysia,trn_freight_road,2005,3.941986
MTC,Ref_cities,Rest of Malaysia,trn_freight_road,2010,4.23953
MTC,Ref_cities,Rest of Malaysia,trn_freight_road,2015,5.985125
MTC,Ref_cities,Rest of Malaysia,trn_freight_road,2020,6.50229422
MTC,Ref_cities,Rest of Malaysia,trn_freight_road,2025,6.96601888
MTC,Ref_cities,Rest of Malaysia,trn_freight_road,2030,7.29607107
MTC,Ref_cities,Rest of Malaysia,trn_freight_road,2035,7.417642774
MTC,Ref_cities,Rest of Malaysia,trn_freight_road,2040,7.74850289
MTC,Ref_cities,Rest of Malaysia,trn_freight_road,2045,8.04432942
MTC,Ref_cities,Rest of Malaysia,trn_freight_road,2050,8.32769644
MTC,Ref_cities,Rest of Malaysia,trn_freight_road,2055,8.64997167
MTC,Ref_cities,Rest of Malaysia,trn_freight_road,2060,8.99478433
MTC,Ref_cities,Rest of Malaysia,trn_freight_road,2065,9.31598681
MTC,Ref_cities,Rest of Malaysia,trn_freight_road,2070,9.6029795
MTC,Ref_cities,Rest of Malaysia,trn_freight_road,2075,9.86851336
MTC,Ref_cities,Rest of Malaysia,trn_freight_road,2080,10.1406018
MTC,Ref_cities,Rest of Malaysia,trn_freight_road,2085,10.43972
MTC,Ref_cities,Rest of Malaysia,trn_freight_road,2090,10.7564296
MTC,Ref_cities,Rest of Malaysia,trn_freight_road,2095,11.0894202
MTC,Ref_cities,Rest of Malaysia,trn_freight_road,2100,11.4335397
MTC,Ref_cities,Rest of Malaysia,trn_pass,1975,0.01958027
MTC,Ref_cities,Rest of Malaysia,trn_pass,1990,0.0510247
MTC,Ref_cities,Rest of Malaysia,trn_pass,2005,0.1538579
MTC,Ref_cities,Rest of Malaysia,trn_pass,2010,0.1753623
MTC,Ref_cities,Rest of Malaysia,trn_pass,2015,0.2373512
MTC,Ref_cities,Rest of Malaysia,trn_pass,2020,0.267628
MTC,Ref_cities,Rest of Malaysia,trn_pass,2025,0.306973
MTC,Ref_cities,Rest of Malaysia,trn_pass,2030,0.353918
MTC,Ref_cities,Rest of Malaysia,trn_pass,2035,0.406996
MTC,Ref_cities,Rest of Malaysia,trn_pass,2040,0.455325
MTC,Ref_cities,Rest of Malaysia,trn_pass,2045,0.498008
MTC,Ref_cities,Rest of Malaysia,trn_pass,2050,0.533875
MTC,Ref_cities,Rest of Malaysia,trn_pass,2055,0.568012
MTC,Ref_cities,Rest of Malaysia,trn_pass,2060,0.595472
MTC,Ref_cities,Rest of Malaysia,trn_pass,2065,0.619277
MTC,Ref_cities,Rest of Malaysia,trn_pass,2070,0.640273
MTC,Ref_cities,Rest of Malaysia,trn_pass,2075,0.65936
MTC,Ref_cities,Rest of Malaysia,trn_pass,2080,0.678387
MTC,Ref_cities,Rest of Malaysia,trn_pass,2085,0.698509
MTC,Ref_cities,Rest of Malaysia,trn_pass,2090,0.718756
MTC,Ref_cities,Rest of Malaysia,trn_pass,2095,0.73913
MTC,Ref_cities,Rest of Malaysia,trn_pass,2100,0.759133
MTC,Ref_cities,Rest of Malaysia,trn_pass_road,1975,0.164274
MTC,Ref_cities,Rest of Malaysia,trn_pass_road,1990,0.447451
MTC,Ref_cities,Rest of Malaysia,trn_pass_road,2005,1.2773738
MTC,Ref_cities,Rest of Malaysia,trn_pass_road,2010,1.4144217
MTC,Ref_cities,Rest of Malaysia,trn_pass_road,2015,1.9730499
MTC,Ref_cities,Rest of Malaysia,trn_pass_road,2020,2.5613813
MTC,Ref_cities,Rest of Malaysia,trn_pass_road,2025,2.7265196
MTC,Ref_cities,Rest of Malaysia,trn_pass_road,2030,2.2104265
MTC,Ref_cities,Rest of Malaysia,trn_pass_road,2035,1.9957427
MTC,Ref_cities,Rest of Malaysia,trn_pass_road,2040,1.9282681
MTC,Ref_cities,Rest of Malaysia,trn_pass_road,2045,1.9261659
MTC,Ref_cities,Rest of Malaysia,trn_pass_road,2050,1.9481529
MTC,Ref_cities,Rest of Malaysia,trn_pass_road,2055,1.9952137
MTC,Ref_cities,Rest of Malaysia,trn_pass_road,2060,2.053527
MTC,Ref_cities,Rest of Malaysia,trn_pass_road,2065,2.102727
MTC,Ref_cities,Rest of Malaysia,trn_pass_road,2070,2.108991
MTC,Ref_cities,Rest of Malaysia,trn_pass_road,2075,2.093317
MTC,Ref_cities,Rest of Malaysia,trn_pass_road,2080,2.066606
MTC,Ref_cities,Rest of Malaysia,trn_pass_road,2085,2.037658
MTC,Ref_cities,Rest of Malaysia,trn_pass_road,2090,2.00515
MTC,Ref_cities,Rest of Malaysia,trn_pass_road,2095,1.969732
MTC,Ref_cities,Rest of Malaysia,trn_pass_road,2100,1.933204
MTC,Ref_cities,Rest of Malaysia,trn_pass_road_LDV,1975,0.325504
MTC,Ref_cities,Rest of Malaysia,trn_pass_road_LDV,1990,0.886602
MTC,Ref_cities,Rest of Malaysia,trn_pass_road_LDV,2005,2.48084989
MTC,Ref_cities,Rest of Malaysia,trn_pass_road_LDV,2010,2.672066
MTC,Ref_cities,Rest of Malaysia,trn_pass_road_LDV,2015,3.76997746
MTC,Ref_cities,Rest of Malaysia,trn_pass_road_LDV,2020,2.7580579
MTC,Ref_cities,Rest of Malaysia,trn_pass_road_LDV,2025,2.2532556
MTC,Ref_cities,Rest of Malaysia,trn_pass_road_LDV,2030,2.319937
MTC,Ref_cities,Rest of Malaysia,trn_pass_road_LDV,2035,2.147007
MTC,Ref_cities,Rest of Malaysia,trn_pass_road_LDV,2040,1.91797
MTC,Ref_cities,Rest of Malaysia,trn_pass_road_LDV,2045,1.748561
MTC,Ref_cities,Rest of Malaysia,trn_pass_road_LDV,2050,1.597665
MTC,Ref_cities,Rest of Malaysia,trn_pass_road_LDV,2055,1.527711
MTC,Ref_cities,Rest of Malaysia,trn_pass_road_LDV,2060,1.447467
MTC,Ref_cities,Rest of Malaysia,trn_pass_road_LDV,2065,1.367166
MTC,Ref_cities,Rest of Malaysia,trn_pass_road_LDV,2070,1.301626
MTC,Ref_cities,Rest of Malaysia,trn_pass_road_LDV,2075,1.245695
MTC,Ref_cities,Rest of Malaysia,trn_pass_road_LDV,2080,1.205074
MTC,Ref_cities,Rest of Malaysia,trn_pass_road_LDV,2085,1.153296
MTC,Ref_cities,Rest of Malaysia,trn_pass_road_LDV,2090,1.096602
MTC,Ref_cities,Rest of Malaysia,trn_pass_road_LDV,2095,1.043074
MTC,Ref_cities,Rest of Malaysia,trn_pass_road_LDV,2100,1.017322
MTC,Ref_cities,Rest of Malaysia,trn_pass_road_LDV_4W,1975,0.3173505
MTC,Ref_cities,Rest of Malaysia,trn_pass_road_LDV_4W,1990,0.86439
MTC,Ref_cities,Rest of Malaysia,trn_pass_road_LDV_4W,2005,2.44024778
MTC,Ref_cities,Rest of Malaysia,trn_pass_road_LDV_4W,2010,2.661146
MTC,Ref_cities,Rest of Malaysia,trn_pass_road_LDV_4W,2015,3.73542
MTC,Ref_cities,Rest of Malaysia,trn_pass_road_LDV_4W,2020,2.92492661
MTC,Ref_cities,Rest of Malaysia,trn_pass_road_LDV_4W,2025,2.56991619
MTC,Ref_cities,Rest of Malaysia,trn_pass_road_LDV_4W,2030,2.45905289
MTC,Ref_cities,Rest of Malaysia,trn_pass_road_LDV_4W,2035,2.314054531
MTC,Ref_cities,Rest of Malaysia,trn_pass_road_LDV_4W,2040,2.164264261
MTC,Ref_cities,Rest of Malaysia,trn_pass_road_LDV_4W,2045,2.225944787
MTC,Ref_cities,Rest of Malaysia,trn_pass_road_LDV_4W,2050,2.267626358
MTC,Ref_cities,Rest of Malaysia,trn_pass_road_LDV_4W,2055,2.334981304
MTC,Ref_cities,Rest of Malaysia,trn_pass_road_LDV_4W,2060,2.367471705
MTC,Ref_cities,Rest of Malaysia,trn_pass_road_LDV_4W,2065,2.376436625
MTC,Ref_cities,Rest of Malaysia,trn_pass_road_LDV_4W,2070,2.395980694
MTC,Ref_cities,Rest of Malaysia,trn_pass_road_LDV_4W,2075,2.428800939
MTC,Ref_cities,Rest of Malaysia,trn_pass_road_LDV_4W,2080,2.465558468
MTC,Ref_cities,Rest of Malaysia,trn_pass_road_LDV_4W,2085,2.492915021
MTC,Ref_cities,Rest of Malaysia,trn_pass_road_LDV_4W,2090,2.520849503
MTC,Ref_cities,Rest of Malaysia,trn_pass_road_LDV_4W,2095,2.548148897
MTC,Ref_cities,Rest of Malaysia,trn_pass_road_LDV_4W,2100,2.569181946
MTC,Ref_cities,Rest of Malaysia,trn_shipping_intl,1975,0.0541918
MTC,Ref_cities,Rest of Malaysia,trn_shipping_intl,1990,0.0710574
MTC,Ref_cities,Rest of Malaysia,trn_shipping_intl,2005,0.0905959
MTC,Ref_cities,Rest of Malaysia,trn_shipping_intl,2010,1.88916
MTC,Ref_cities,Rest of Malaysia,trn_shipping_intl,2015,0.268637
MTC,Ref_cities,Rest of Malaysia,trn_shipping_intl,2020,0.277339
MTC,Ref_cities,Rest of Malaysia,trn_shipping_intl,2025,0.294512
MTC,Ref_cities,Rest of Malaysia,trn_shipping_intl,2030,0.314567
MTC,Ref_cities,Rest of Malaysia,trn_shipping_intl,2035,0.336239
MTC,Ref_cities,Rest of Malaysia,trn_shipping_intl,2040,0.357047
MTC,Ref_cities,Rest of Malaysia,trn_shipping_intl,2045,0.374989
MTC,Ref_cities,Rest of Malaysia,trn_shipping_intl,2050,0.389707
MTC,Ref_cities,Rest of Malaysia,trn_shipping_intl,2055,0.401147
MTC,Ref_cities,Rest of Malaysia,trn_shipping_intl,2060,0.410023
MTC,Ref_cities,Rest of Malaysia,trn_shipping_intl,2065,0.417575
MTC,Ref_cities,Rest of Malaysia,trn_shipping_intl,2070,0.423598
MTC,Ref_cities,Rest of Malaysia,trn_shipping_intl,2075,0.429325
MTC,Ref_cities,Rest of Malaysia,trn_shipping_intl,2080,0.435332
MTC,Ref_cities,Rest of Malaysia,trn_shipping_intl,2085,0.441904
MTC,Ref_cities,Rest of Malaysia,trn_shipping_intl,2090,0.448494
MTC,Ref_cities,Rest of Malaysia,trn_shipping_intl,2095,0.45518
MTC,Ref_cities,Rest of Malaysia,trn_shipping_intl,2100,0.463206
