year,region,value,units
1970,Thailand,28611152468,USD (constant 2005)
1970,Bangkok,8216158401,USD (constant 2005)
1970,Samut Prakan,1753095686,USD (constant 2005)
1970,Nonthaburi,469645050.3,USD (constant 2005)
1970,Rest of Thailand,18172253331,USD (constant 2005)
1971,Thailand,28336807243,USD (constant 2005)
1971,Bangkok,8137375702,USD (constant 2005)
1971,Samut Prakan,1736285687,USD (constant 2005)
1971,Nonthaburi,465141740.7,USD (constant 2005)
1971,Rest of Thailand,17998004113,USD (constant 2005)
1972,Thailand,30117192900,USD (constant 2005)
1972,Bangkok,8648642439,USD (constant 2005)
1972,Samut Prakan,1845375540,USD (constant 2005)
1972,Nonthaburi,494366334.6,USD (constant 2005)
1972,Rest of Thailand,19128808586,USD (constant 2005)
1973,Thailand,37856246873,USD (constant 2005)
1973,Bangkok,10871037828,USD (constant 2005)
1973,Samut Prakan,2319571822,USD (constant 2005)
1973,Nonthaburi,621401007.4,USD (constant 2005)
1973,Rest of Thailand,24044236215,USD (constant 2005)
1974,Thailand,43915674764,USD (constant 2005)
1974,Bangkok,12611101233,USD (constant 2005)
1974,Samut Prakan,2690852109,USD (constant 2005)
1974,Nonthaburi,720865030,USD (constant 2005)
1974,Rest of Thailand,27892856392,USD (constant 2005)
1975,Thailand,43654035869,USD (constant 2005)
1975,Bangkok,12535967363,USD (constant 2005)
1975,Samut Prakan,2674820668,USD (constant 2005)
1975,Nonthaburi,716570291.7,USD (constant 2005)
1975,Rest of Thailand,27726677547,USD (constant 2005)
1976,Thailand,47227748478,USD (constant 2005)
1976,Bangkok,13562217141,USD (constant 2005)
1976,Samut Prakan,2893793327,USD (constant 2005)
1976,Nonthaburi,775231907.6,USD (constant 2005)
1976,Rest of Thailand,29996506102,USD (constant 2005)
1977,Thailand,51784819805,USD (constant 2005)
1977,Bangkok,14870854390,USD (constant 2005)
1977,Samut Prakan,3173019482,USD (constant 2005)
1977,Nonthaburi,850035115.8,USD (constant 2005)
1977,Rest of Thailand,32890910817,USD (constant 2005)
1978,Thailand,58728694685,USD (constant 2005)
1978,Bangkok,16864901152,USD (constant 2005)
1978,Samut Prakan,3598492630,USD (constant 2005)
1978,Nonthaburi,964017118.8,USD (constant 2005)
1978,Rest of Thailand,37301283784,USD (constant 2005)
1979,Thailand,61854956401,USD (constant 2005)
1979,Bangkok,17762658119,USD (constant 2005)
1979,Samut Prakan,3790048560,USD (constant 2005)
1979,Nonthaburi,1015333938,USD (constant 2005)
1979,Rest of Thailand,39286915784,USD (constant 2005)
1980,Thailand,67064657494,USD (constant 2005)
1980,Bangkok,19258708635,USD (constant 2005)
1980,Samut Prakan,4109263402,USD (constant 2005)
1980,Nonthaburi,1100849904,USD (constant 2005)
1980,Rest of Thailand,42595835554,USD (constant 2005)
1981,Thailand,66063968879,USD (constant 2005)
1981,Bangkok,18971344602,USD (constant 2005)
1981,Samut Prakan,4047948049,USD (constant 2005)
1981,Nonthaburi,1084423846,USD (constant 2005)
1981,Rest of Thailand,41960252383,USD (constant 2005)
1982,Thailand,65317724147,USD (constant 2005)
1982,Bangkok,18757048273,USD (constant 2005)
1982,Samut Prakan,4002223277,USD (constant 2005)
1982,Nonthaburi,1072174421,USD (constant 2005)
1982,Rest of Thailand,41486278175,USD (constant 2005)
1983,Thailand,68766162616,USD (constant 2005)
1983,Bangkok,19747323542,USD (constant 2005)
1983,Samut Prakan,4213519995,USD (constant 2005)
1983,Nonthaburi,1128779693,USD (constant 2005)
1983,Rest of Thailand,43676539386,USD (constant 2005)
1984,Thailand,69319528747,USD (constant 2005)
1984,Bangkok,19906231639,USD (constant 2005)
1984,Samut Prakan,4247426486,USD (constant 2005)
1984,Nonthaburi,1137863062,USD (constant 2005)
1984,Rest of Thailand,44028007560,USD (constant 2005)
1985,Thailand,62515669483,USD (constant 2005)
1985,Bangkok,17952392641,USD (constant 2005)
1985,Samut Prakan,3830532537,USD (constant 2005)
1985,Nonthaburi,1026179381,USD (constant 2005)
1985,Rest of Thailand,39706564923,USD (constant 2005)
1986,Thailand,67889091228,USD (constant 2005)
1986,Bangkok,19495458209,USD (constant 2005)
1986,Samut Prakan,4159779061,USD (constant 2005)
1986,Nonthaburi,1114382781,USD (constant 2005)
1986,Rest of Thailand,43119471178,USD (constant 2005)
1987,Thailand,77626349416,USD (constant 2005)
1987,Bangkok,22291670481,USD (constant 2005)
1987,Samut Prakan,4756411627,USD (constant 2005)
1987,Nonthaburi,1274217486,USD (constant 2005)
1987,Rest of Thailand,49304049822,USD (constant 2005)
1988,Thailand,91520802466,USD (constant 2005)
1988,Bangkok,26281688964,USD (constant 2005)
1988,Samut Prakan,5607768654,USD (constant 2005)
1988,Nonthaburi,1502291525,USD (constant 2005)
1988,Rest of Thailand,58129053323,USD (constant 2005)
1989,Thailand,1.03215E+11,USD (constant 2005)
1989,Bangkok,29639838946,USD (constant 2005)
1989,Samut Prakan,6324302824,USD (constant 2005)
1989,Nonthaburi,1694247235,USD (constant 2005)
1989,Rest of Thailand,65556508982,USD (constant 2005)
1990,Thailand,1.17571E+11,USD (constant 2005)
1990,Bangkok,33762295784,USD (constant 2005)
1990,Samut Prakan,7203918448,USD (constant 2005)
1990,Nonthaburi,1929891602,USD (constant 2005)
1990,Rest of Thailand,74674435674,USD (constant 2005)
1991,Thailand,1.3097E+11,USD (constant 2005)
1991,Bangkok,37610197944,USD (constant 2005)
1991,Samut Prakan,8024951873,USD (constant 2005)
1991,Nonthaburi,2149842109,USD (constant 2005)
1991,Rest of Thailand,83185110545,USD (constant 2005)
1992,Thailand,1.45281E+11,USD (constant 2005)
1992,Bangkok,41719820195,USD (constant 2005)
1992,Samut Prakan,8901828960,USD (constant 2005)
1992,Nonthaburi,2384752837,USD (constant 2005)
1992,Rest of Thailand,92274650085,USD (constant 2005)
1993,Thailand,1.64105E+11,USD (constant 2005)
1993,Bangkok,47125357004,USD (constant 2005)
1993,Samut Prakan,10055217538,USD (constant 2005)
1993,Nonthaburi,2693739529,USD (constant 2005)
1993,Rest of Thailand,1.0423E+11,USD (constant 2005)
1994,Thailand,1.8287E+11,USD (constant 2005)
1994,Bangkok,52514148804,USD (constant 2005)
1994,Samut Prakan,11205033205,USD (constant 2005)
1994,Nonthaburi,3001769057,USD (constant 2005)
1994,Rest of Thailand,1.16149E+11,USD (constant 2005)
1995,Thailand,2.06729E+11,USD (constant 2005)
1995,Bangkok,59365528504,USD (constant 2005)
1995,Samut Prakan,12666923740,USD (constant 2005)
1995,Nonthaburi,3393401789,USD (constant 2005)
1995,Rest of Thailand,1.31303E+11,USD (constant 2005)
1996,Thailand,2.19521E+11,USD (constant 2005)
1996,Bangkok,63038964444,USD (constant 2005)
1996,Samut Prakan,13450731011,USD (constant 2005)
1996,Nonthaburi,3603379606,USD (constant 2005)
1996,Rest of Thailand,1.39428E+11,USD (constant 2005)
1997,Thailand,1.77086E+11,USD (constant 2005)
1997,Bangkok,50853190804,USD (constant 2005)
1997,Samut Prakan,10850631773,USD (constant 2005)
1997,Nonthaburi,2906826790,USD (constant 2005)
1997,Rest of Thailand,1.12476E+11,USD (constant 2005)
1998,Thailand,1.32602E+11,USD (constant 2005)
1998,Bangkok,38078702889,USD (constant 2005)
1998,Samut Prakan,8124917570,USD (constant 2005)
1998,Nonthaburi,2176622390,USD (constant 2005)
1998,Rest of Thailand,84221335766,USD (constant 2005)
1999,Thailand,1.45532E+11,USD (constant 2005)
1999,Bangkok,41791914078,USD (constant 2005)
1999,Samut Prakan,8917211754,USD (constant 2005)
1999,Nonthaburi,2388873806,USD (constant 2005)
1999,Rest of Thailand,92434105177,USD (constant 2005)
2000,Thailand,1.41983E+11,USD (constant 2005)
2000,Bangkok,40772679541,USD (constant 2005)
2000,Samut Prakan,8699735948,USD (constant 2005)
2000,Nonthaburi,2330613189,USD (constant 2005)
2000,Rest of Thailand,90179792723,USD (constant 2005)
2001,Thailand,1.32123E+11,USD (constant 2005)
2001,Bangkok,37941129661,USD (constant 2005)
2001,Samut Prakan,8095563337,USD (constant 2005)
2001,Nonthaburi,2168758546,USD (constant 2005)
2001,Rest of Thailand,83917055417,USD (constant 2005)
2002,Thailand,1.45275E+11,USD (constant 2005)
2002,Bangkok,41718216180,USD (constant 2005)
2002,Samut Prakan,8901486708,USD (constant 2005)
2002,Nonthaburi,2384661149,USD (constant 2005)
2002,Rest of Thailand,92271102372,USD (constant 2005)
2003,Thailand,1.61504E+11,USD (constant 2005)
2003,Bangkok,46378421755,USD (constant 2005)
2003,Samut Prakan,9895842694,USD (constant 2005)
2003,Nonthaburi,2651043852,USD (constant 2005)
2003,Rest of Thailand,1.02578E+11,USD (constant 2005)
2004,Thailand,1.7846E+11,USD (constant 2005)
2004,Bangkok,51247702053,USD (constant 2005)
2004,Samut Prakan,10934809309,USD (constant 2005)
2004,Nonthaburi,2929377506,USD (constant 2005)
2004,Rest of Thailand,1.13348E+11,USD (constant 2005)
2005,Thailand,1.89319E+11,USD (constant 2005)
2005,Bangkok,54366034157,USD (constant 2005)
2005,Samut Prakan,11600173132,USD (constant 2005)
2005,Nonthaburi,3107624950,USD (constant 2005)
2005,Rest of Thailand,1.20245E+11,USD (constant 2005)
2006,Thailand,2.15148E+11,USD (constant 2005)
2006,Bangkok,61783350394,USD (constant 2005)
2006,Samut Prakan,13182818507,USD (constant 2005)
2006,Nonthaburi,3531607265,USD (constant 2005)
2006,Rest of Thailand,1.36651E+11,USD (constant 2005)
2007,Thailand,2.48492E+11,USD (constant 2005)
2007,Bangkok,71358651358,USD (constant 2005)
2007,Samut Prakan,15225916752,USD (constant 2005)
2007,Nonthaburi,4078942465,USD (constant 2005)
2007,Rest of Thailand,1.57829E+11,USD (constant 2005)
2008,Thailand,2.70074E+11,USD (constant 2005)
2008,Bangkok,77556075849,USD (constant 2005)
2008,Samut Prakan,16548271751,USD (constant 2005)
2008,Nonthaburi,4433194367,USD (constant 2005)
2008,Rest of Thailand,1.71536E+11,USD (constant 2005)
2009,Thailand,2.59139E+11,USD (constant 2005)
2009,Bangkok,74416097640,USD (constant 2005)
2009,Samut Prakan,15878289263,USD (constant 2005)
2009,Nonthaburi,4253709606,USD (constant 2005)
2009,Rest of Thailand,1.64591E+11,USD (constant 2005)
2010,Thailand,3.09853E+11,USD (constant 2005)
2010,Bangkok,88979430253,USD (constant 2005)
2010,Samut Prakan,18985692300,USD (constant 2005)
2010,Nonthaburi,5086166424,USD (constant 2005)
2010,Rest of Thailand,1.96802E+11,USD (constant 2005)
2011,Thailand,3.30496E+11,USD (constant 2005)
2011,Bangkok,97985664283,USD (constant 2005)
2011,Samut Prakan,17602007908,USD (constant 2005)
2011,Nonthaburi,5161713889,USD (constant 2005)
2011,Rest of Thailand,2.09747E+11,USD (constant 2005)
2012,Thailand,3.47902E+11,USD (constant 2005)
2012,Bangkok,1.03043E+11,USD (constant 2005)
2012,Samut Prakan,19744060889,USD (constant 2005)
2012,Nonthaburi,5602702661,USD (constant 2005)
2012,Rest of Thailand,2.19512E+11,USD (constant 2005)
2013,Thailand,3.62005E+11,USD (constant 2005)
2013,Bangkok,1.10886E+11,USD (constant 2005)
2013,Samut Prakan,18383400455,USD (constant 2005)
2013,Nonthaburi,6218139096,USD (constant 2005)
2013,Rest of Thailand,2.26517E+11,USD (constant 2005)
2014,Thailand,3.44502E+11,USD (constant 2005)
2014,Bangkok,1.09475E+11,USD (constant 2005)
2014,Samut Prakan,17341968680,USD (constant 2005)
2014,Nonthaburi,6596584366,USD (constant 2005)
2014,Rest of Thailand,2.11089E+11,USD (constant 2005)
2015,Thailand,3.35653E+11,USD (constant 2005)
2015,Bangkok,1.09115E+11,USD (constant 2005)
2015,Samut Prakan,16789956893,USD (constant 2005)
2015,Nonthaburi,6651184411,USD (constant 2005)
2015,Rest of Thailand,2.03097E+11,USD (constant 2005)
2016,Thailand,3.41515E+11,USD (constant 2005)
2016,Bangkok,1.1191E+11,USD (constant 2005)
2016,Samut Prakan,16452385763,USD (constant 2005)
2016,Nonthaburi,6775770252,USD (constant 2005)
2016,Rest of Thailand,2.06377E+11,USD (constant 2005)
2017,Thailand,3.70004E+11,USD (constant 2005)
2017,Bangkok,1.21154E+11,USD (constant 2005)
2017,Samut Prakan,17430399900,USD (constant 2005)
2017,Nonthaburi,7576008480,USD (constant 2005)
2017,Rest of Thailand,2.23844E+11,USD (constant 2005)
2018,Thailand,4.00752E+11,USD (constant 2005)
2018,Bangkok,1.32445E+11,USD (constant 2005)
2018,Samut Prakan,19384223260,USD (constant 2005)
2018,Nonthaburi,7994644315,USD (constant 2005)
2018,Rest of Thailand,2.40929E+11,USD (constant 2005)
2019,Thailand,4.23148E+11,USD (constant 2005)
2019,Bangkok,1.42984E+11,USD (constant 2005)
2019,Samut Prakan,19344252929,USD (constant 2005)
2019,Nonthaburi,8649495207,USD (constant 2005)
2019,Rest of Thailand,2.52171E+11,USD (constant 2005)
2020,Thailand,4.39651E+11,USD (constant 2005)
2020,Bangkok,1.4856E+11,USD (constant 2005)
2020,Samut Prakan,20098678793,USD (constant 2005)
2020,Nonthaburi,8986825520,USD (constant 2005)
2020,Rest of Thailand,2.62005E+11,USD (constant 2005)
2021,Thailand,4.56357E+11,USD (constant 2005)
2021,Bangkok,1.54205E+11,USD (constant 2005)
2021,Samut Prakan,20862428587,USD (constant 2005)
2021,Nonthaburi,9328324890,USD (constant 2005)
2021,Rest of Thailand,2.71961E+11,USD (constant 2005)
2022,Thailand,4.74155E+11,USD (constant 2005)
2022,Bangkok,1.60219E+11,USD (constant 2005)
2022,Samut Prakan,21676063302,USD (constant 2005)
2022,Nonthaburi,9692129561,USD (constant 2005)
2022,Rest of Thailand,2.82568E+11,USD (constant 2005)
2023,Thailand,4.92173E+11,USD (constant 2005)
2023,Bangkok,1.66308E+11,USD (constant 2005)
2023,Samut Prakan,22499753708,USD (constant 2005)
2023,Nonthaburi,10060430484,USD (constant 2005)
2023,Rest of Thailand,2.93305E+11,USD (constant 2005)
2024,Thailand,5.11368E+11,USD (constant 2005)
2024,Bangkok,1.72794E+11,USD (constant 2005)
2024,Samut Prakan,23377244102,USD (constant 2005)
2024,Nonthaburi,10452787273,USD (constant 2005)
2024,Rest of Thailand,3.04744E+11,USD (constant 2005)
2025,Thailand,5.308E+11,USD (constant 2005)
2025,Bangkok,1.7936E+11,USD (constant 2005)
2025,Samut Prakan,24265579378,USD (constant 2005)
2025,Nonthaburi,10849993189,USD (constant 2005)
2025,Rest of Thailand,3.16325E+11,USD (constant 2005)
2026,Thailand,5.50439E+11,USD (constant 2005)
2026,Bangkok,1.85996E+11,USD (constant 2005)
2026,Samut Prakan,25163405815,USD (constant 2005)
2026,Nonthaburi,11251442937,USD (constant 2005)
2026,Rest of Thailand,3.28029E+11,USD (constant 2005)
2027,Thailand,5.71356E+11,USD (constant 2005)
2027,Bangkok,1.93064E+11,USD (constant 2005)
2027,Samut Prakan,26119615236,USD (constant 2005)
2027,Nonthaburi,11678997769,USD (constant 2005)
2027,Rest of Thailand,3.40494E+11,USD (constant 2005)
2028,Thailand,5.92496E+11,USD (constant 2005)
2028,Bangkok,2.00207E+11,USD (constant 2005)
2028,Samut Prakan,27086041000,USD (constant 2005)
2028,Nonthaburi,12111120686,USD (constant 2005)
2028,Rest of Thailand,3.53092E+11,USD (constant 2005)
2029,Thailand,6.14419E+11,USD (constant 2005)
2029,Bangkok,2.07615E+11,USD (constant 2005)
2029,Samut Prakan,28088224517,USD (constant 2005)
2029,Nonthaburi,12559232151,USD (constant 2005)
2029,Rest of Thailand,3.66156E+11,USD (constant 2005)
2030,Thailand,6.37152E+11,USD (constant 2005)
2030,Bangkok,2.15297E+11,USD (constant 2005)
2030,Samut Prakan,29127488824,USD (constant 2005)
2030,Nonthaburi,13023923741,USD (constant 2005)
2030,Rest of Thailand,3.79704E+11,USD (constant 2005)
2031,Thailand,6.60727E+11,USD (constant 2005)
2031,Bangkok,2.23263E+11,USD (constant 2005)
2031,Samut Prakan,30205205910,USD (constant 2005)
2031,Nonthaburi,13505808920,USD (constant 2005)
2031,Rest of Thailand,3.93753E+11,USD (constant 2005)
2032,Thailand,6.85174E+11,USD (constant 2005)
2032,Bangkok,2.31523E+11,USD (constant 2005)
2032,Samut Prakan,31322798529,USD (constant 2005)
2032,Nonthaburi,14005523850,USD (constant 2005)
2032,Rest of Thailand,4.08322E+11,USD (constant 2005)
2033,Thailand,7.10525E+11,USD (constant 2005)
2033,Bangkok,2.4009E+11,USD (constant 2005)
2033,Samut Prakan,32481742075,USD (constant 2005)
2033,Nonthaburi,14523728232,USD (constant 2005)
2033,Rest of Thailand,4.2343E+11,USD (constant 2005)
2034,Thailand,7.36104E+11,USD (constant 2005)
2034,Bangkok,2.48733E+11,USD (constant 2005)
2034,Samut Prakan,33651084789,USD (constant 2005)
2034,Nonthaburi,15046582448,USD (constant 2005)
2034,Rest of Thailand,4.38673E+11,USD (constant 2005)
2035,Thailand,7.62604E+11,USD (constant 2005)
2035,Bangkok,2.57687E+11,USD (constant 2005)
2035,Samut Prakan,34862523842,USD (constant 2005)
2035,Nonthaburi,15588259416,USD (constant 2005)
2035,Rest of Thailand,4.54466E+11,USD (constant 2005)
2036,Thailand,7.90058E+11,USD (constant 2005)
2036,Bangkok,2.66964E+11,USD (constant 2005)
2036,Samut Prakan,36117574700,USD (constant 2005)
2036,Nonthaburi,16149436755,USD (constant 2005)
2036,Rest of Thailand,4.70827E+11,USD (constant 2005)
2037,Thailand,8.185E+11,USD (constant 2005)
2037,Bangkok,2.76575E+11,USD (constant 2005)
2037,Samut Prakan,37417807389,USD (constant 2005)
2037,Nonthaburi,16730816479,USD (constant 2005)
2037,Rest of Thailand,4.87776E+11,USD (constant 2005)
2038,Thailand,8.47966E+11,USD (constant 2005)
2038,Bangkok,2.86531E+11,USD (constant 2005)
2038,Samut Prakan,38764848455,USD (constant 2005)
2038,Nonthaburi,17333125872,USD (constant 2005)
2038,Rest of Thailand,5.05336E+11,USD (constant 2005)
2039,Thailand,8.78492E+11,USD (constant 2005)
2039,Bangkok,2.96847E+11,USD (constant 2005)
2039,Samut Prakan,40160383000,USD (constant 2005)
2039,Nonthaburi,17957118403,USD (constant 2005)
2039,Rest of Thailand,5.23528E+11,USD (constant 2005)
2040,Thailand,9.10118E+11,USD (constant 2005)
2040,Bangkok,3.07533E+11,USD (constant 2005)
2040,Samut Prakan,41606156788,USD (constant 2005)
2040,Nonthaburi,18603574666,USD (constant 2005)
2040,Rest of Thailand,5.42375E+11,USD (constant 2005)
2041,Thailand,9.42882E+11,USD (constant 2005)
2041,Bangkok,3.18604E+11,USD (constant 2005)
2041,Samut Prakan,43103978432,USD (constant 2005)
2041,Nonthaburi,19273303354,USD (constant 2005)
2041,Rest of Thailand,5.61901E+11,USD (constant 2005)
2042,Thailand,9.76826E+11,USD (constant 2005)
2042,Bangkok,3.30074E+11,USD (constant 2005)
2042,Samut Prakan,44655721656,USD (constant 2005)
2042,Nonthaburi,19967142274,USD (constant 2005)
2042,Rest of Thailand,5.82129E+11,USD (constant 2005)
2043,Thailand,1.01199E+12,USD (constant 2005)
2043,Bangkok,3.41957E+11,USD (constant 2005)
2043,Samut Prakan,46263327635,USD (constant 2005)
2043,Nonthaburi,20685959396,USD (constant 2005)
2043,Rest of Thailand,6.03086E+11,USD (constant 2005)
2044,Thailand,1.04842E+12,USD (constant 2005)
2044,Bangkok,3.54267E+11,USD (constant 2005)
2044,Samut Prakan,47928807430,USD (constant 2005)
2044,Nonthaburi,21430653935,USD (constant 2005)
2044,Rest of Thailand,6.24797E+11,USD (constant 2005)
2045,Thailand,1.08617E+12,USD (constant 2005)
2045,Bangkok,3.67021E+11,USD (constant 2005)
2045,Samut Prakan,49654244497,USD (constant 2005)
2045,Nonthaburi,22202157476,USD (constant 2005)
2045,Rest of Thailand,6.4729E+11,USD (constant 2005)
2046,Thailand,1.12527E+12,USD (constant 2005)
2046,Bangkok,3.80233E+11,USD (constant 2005)
2046,Samut Prakan,51441797299,USD (constant 2005)
2046,Nonthaburi,23001435145,USD (constant 2005)
2046,Rest of Thailand,6.70592E+11,USD (constant 2005)
2047,Thailand,1.16578E+12,USD (constant 2005)
2047,Bangkok,3.93922E+11,USD (constant 2005)
2047,Samut Prakan,53293702002,USD (constant 2005)
2047,Nonthaburi,23829486811,USD (constant 2005)
2047,Rest of Thailand,6.94733E+11,USD (constant 2005)
2048,Thailand,1.20775E+12,USD (constant 2005)
2048,Bangkok,4.08103E+11,USD (constant 2005)
2048,Samut Prakan,55212275274,USD (constant 2005)
2048,Nonthaburi,24687348336,USD (constant 2005)
2048,Rest of Thailand,7.19744E+11,USD (constant 2005)
2049,Thailand,1.25123E+12,USD (constant 2005)
2049,Bangkok,4.22795E+11,USD (constant 2005)
2049,Samut Prakan,57199917184,USD (constant 2005)
2049,Nonthaburi,25576092876,USD (constant 2005)
2049,Rest of Thailand,7.45655E+11,USD (constant 2005)
2050,Thailand,1.29627E+12,USD (constant 2005)
2050,Bangkok,4.38015E+11,USD (constant 2005)
2050,Samut Prakan,59259114203,USD (constant 2005)
2050,Nonthaburi,26496832219,USD (constant 2005)
2050,Rest of Thailand,7.72498E+11,USD (constant 2005)
2051,Thailand,1.34294E+12,USD (constant 2005)
2051,Bangkok,4.53784E+11,USD (constant 2005)
2051,Samut Prakan,61392442314,USD (constant 2005)
2051,Nonthaburi,27450718179,USD (constant 2005)
2051,Rest of Thailand,8.00308E+11,USD (constant 2005)
2052,Thailand,1.39128E+12,USD (constant 2005)
2052,Bangkok,4.7012E+11,USD (constant 2005)
2052,Samut Prakan,63602570237,USD (constant 2005)
2052,Nonthaburi,28438944034,USD (constant 2005)
2052,Rest of Thailand,8.29119E+11,USD (constant 2005)
2053,Thailand,1.44137E+12,USD (constant 2005)
2053,Bangkok,4.87044E+11,USD (constant 2005)
2053,Samut Prakan,65892262766,USD (constant 2005)
2053,Nonthaburi,29462746019,USD (constant 2005)
2053,Rest of Thailand,8.58968E+11,USD (constant 2005)
2054,Thailand,1.49326E+12,USD (constant 2005)
2054,Bangkok,5.04578E+11,USD (constant 2005)
2054,Samut Prakan,68264384225,USD (constant 2005)
2054,Nonthaburi,30523404876,USD (constant 2005)
2054,Rest of Thailand,8.8989E+11,USD (constant 2005)
2055,Thailand,1.54701E+12,USD (constant 2005)
2055,Bangkok,5.22743E+11,USD (constant 2005)
2055,Samut Prakan,70721902058,USD (constant 2005)
2055,Nonthaburi,31622247451,USD (constant 2005)
2055,Rest of Thailand,9.21926E+11,USD (constant 2005)
2056,Thailand,1.60271E+12,USD (constant 2005)
2056,Bangkok,5.41562E+11,USD (constant 2005)
2056,Samut Prakan,73267890532,USD (constant 2005)
2056,Nonthaburi,32760648360,USD (constant 2005)
2056,Rest of Thailand,9.55116E+11,USD (constant 2005)
2057,Thailand,1.6604E+12,USD (constant 2005)
2057,Bangkok,5.61058E+11,USD (constant 2005)
2057,Samut Prakan,75905534591,USD (constant 2005)
2057,Nonthaburi,33940031700,USD (constant 2005)
2057,Rest of Thailand,9.895E+11,USD (constant 2005)
2058,Thailand,1.72018E+12,USD (constant 2005)
2058,Bangkok,5.81256E+11,USD (constant 2005)
2058,Samut Prakan,78638133836,USD (constant 2005)
2058,Nonthaburi,35161872842,USD (constant 2005)
2058,Rest of Thailand,1.02512E+12,USD (constant 2005)
2059,Thailand,1.7821E+12,USD (constant 2005)
2059,Bangkok,6.02181E+11,USD (constant 2005)
2059,Samut Prakan,81469106654,USD (constant 2005)
2059,Nonthaburi,36427700264,USD (constant 2005)
2059,Rest of Thailand,1.06203E+12,USD (constant 2005)
2060,Thailand,1.84626E+12,USD (constant 2005)
2060,Bangkok,6.2386E+11,USD (constant 2005)
2060,Samut Prakan,84401994494,USD (constant 2005)
2060,Nonthaburi,37739097473,USD (constant 2005)
2060,Rest of Thailand,1.10026E+12,USD (constant 2005)
2061,Thailand,1.91273E+12,USD (constant 2005)
2061,Bangkok,6.46319E+11,USD (constant 2005)
2061,Samut Prakan,87440466295,USD (constant 2005)
2061,Nonthaburi,39097704983,USD (constant 2005)
2061,Rest of Thailand,1.13987E+12,USD (constant 2005)
2062,Thailand,1.98158E+12,USD (constant 2005)
2062,Bangkok,6.69586E+11,USD (constant 2005)
2062,Samut Prakan,90588323082,USD (constant 2005)
2062,Nonthaburi,40505222362,USD (constant 2005)
2062,Rest of Thailand,1.1809E+12,USD (constant 2005)
2063,Thailand,2.05292E+12,USD (constant 2005)
2063,Bangkok,6.93691E+11,USD (constant 2005)
2063,Samut Prakan,93849502713,USD (constant 2005)
2063,Nonthaburi,41963410367,USD (constant 2005)
2063,Rest of Thailand,1.22342E+12,USD (constant 2005)
2064,Thailand,2.12683E+12,USD (constant 2005)
2064,Bangkok,7.18664E+11,USD (constant 2005)
2064,Samut Prakan,97228084811,USD (constant 2005)
2064,Nonthaburi,43474093140,USD (constant 2005)
2064,Rest of Thailand,1.26746E+12,USD (constant 2005)
2065,Thailand,2.20339E+12,USD (constant 2005)
2065,Bangkok,7.44536E+11,USD (constant 2005)
2065,Samut Prakan,1.00728E+11,USD (constant 2005)
2065,Nonthaburi,45039160493,USD (constant 2005)
2065,Rest of Thailand,1.31309E+12,USD (constant 2005)
2066,Thailand,2.28271E+12,USD (constant 2005)
2066,Bangkok,7.71339E+11,USD (constant 2005)
2066,Samut Prakan,1.04355E+11,USD (constant 2005)
2066,Nonthaburi,46660570271,USD (constant 2005)
2066,Rest of Thailand,1.36036E+12,USD (constant 2005)
2067,Thailand,2.36489E+12,USD (constant 2005)
2067,Bangkok,7.99107E+11,USD (constant 2005)
2067,Samut Prakan,1.08111E+11,USD (constant 2005)
2067,Nonthaburi,48340350801,USD (constant 2005)
2067,Rest of Thailand,1.40933E+12,USD (constant 2005)
2068,Thailand,2.45003E+12,USD (constant 2005)
2068,Bangkok,8.27875E+11,USD (constant 2005)
2068,Samut Prakan,1.12003E+11,USD (constant 2005)
2068,Nonthaburi,50080603430,USD (constant 2005)
2068,Rest of Thailand,1.46007E+12,USD (constant 2005)
2069,Thailand,2.53823E+12,USD (constant 2005)
2069,Bangkok,8.57679E+11,USD (constant 2005)
2069,Samut Prakan,1.16035E+11,USD (constant 2005)
2069,Nonthaburi,51883505153,USD (constant 2005)
2069,Rest of Thailand,1.51263E+12,USD (constant 2005)
2070,Thailand,2.6296E+12,USD (constant 2005)
2070,Bangkok,8.88555E+11,USD (constant 2005)
2070,Samut Prakan,1.20213E+11,USD (constant 2005)
2070,Nonthaburi,53751311338,USD (constant 2005)
2070,Rest of Thailand,1.56709E+12,USD (constant 2005)
2071,Thailand,2.72427E+12,USD (constant 2005)
2071,Bangkok,9.20543E+11,USD (constant 2005)
2071,Samut Prakan,1.2454E+11,USD (constant 2005)
2071,Nonthaburi,55686358547,USD (constant 2005)
2071,Rest of Thailand,1.6235E+12,USD (constant 2005)
2072,Thailand,2.82234E+12,USD (constant 2005)
2072,Bangkok,9.53683E+11,USD (constant 2005)
2072,Samut Prakan,1.29024E+11,USD (constant 2005)
2072,Nonthaburi,57691067454,USD (constant 2005)
2072,Rest of Thailand,1.68195E+12,USD (constant 2005)
2073,Thailand,2.92395E+12,USD (constant 2005)
2073,Bangkok,9.88015E+11,USD (constant 2005)
2073,Samut Prakan,1.33669E+11,USD (constant 2005)
2073,Nonthaburi,59767945883,USD (constant 2005)
2073,Rest of Thailand,1.7425E+12,USD (constant 2005)
2074,Thailand,3.02921E+12,USD (constant 2005)
2074,Bangkok,1.02358E+12,USD (constant 2005)
2074,Samut Prakan,1.38481E+11,USD (constant 2005)
2074,Nonthaburi,61919591934,USD (constant 2005)
2074,Rest of Thailand,1.80523E+12,USD (constant 2005)
2075,Thailand,3.13826E+12,USD (constant 2005)
2075,Bangkok,1.06043E+12,USD (constant 2005)
2075,Samut Prakan,1.43466E+11,USD (constant 2005)
2075,Nonthaburi,64148697244,USD (constant 2005)
2075,Rest of Thailand,1.87021E+12,USD (constant 2005)
2076,Thailand,3.25124E+12,USD (constant 2005)
2076,Bangkok,1.09861E+12,USD (constant 2005)
2076,Samut Prakan,1.48631E+11,USD (constant 2005)
2076,Nonthaburi,66458050345,USD (constant 2005)
2076,Rest of Thailand,1.93754E+12,USD (constant 2005)
2077,Thailand,3.36828E+12,USD (constant 2005)
2077,Bangkok,1.13816E+12,USD (constant 2005)
2077,Samut Prakan,1.53982E+11,USD (constant 2005)
2077,Nonthaburi,68850540157,USD (constant 2005)
2077,Rest of Thailand,2.00729E+12,USD (constant 2005)
2078,Thailand,3.48954E+12,USD (constant 2005)
2078,Bangkok,1.17913E+12,USD (constant 2005)
2078,Samut Prakan,1.59525E+11,USD (constant 2005)
2078,Nonthaburi,71329159603,USD (constant 2005)
2078,Rest of Thailand,2.07956E+12,USD (constant 2005)
2079,Thailand,3.61517E+12,USD (constant 2005)
2079,Bangkok,1.22158E+12,USD (constant 2005)
2079,Samut Prakan,1.65268E+11,USD (constant 2005)
2079,Nonthaburi,73897009349,USD (constant 2005)
2079,Rest of Thailand,2.15442E+12,USD (constant 2005)
2080,Thailand,3.74531E+12,USD (constant 2005)
2080,Bangkok,1.26556E+12,USD (constant 2005)
2080,Samut Prakan,1.71217E+11,USD (constant 2005)
2080,Nonthaburi,76557301685,USD (constant 2005)
2080,Rest of Thailand,2.23198E+12,USD (constant 2005)
2081,Thailand,3.88014E+12,USD (constant 2005)
2081,Bangkok,1.31112E+12,USD (constant 2005)
2081,Samut Prakan,1.77381E+11,USD (constant 2005)
2081,Nonthaburi,79313364546,USD (constant 2005)
2081,Rest of Thailand,2.31233E+12,USD (constant 2005)
2082,Thailand,4.01983E+12,USD (constant 2005)
2082,Bangkok,1.35832E+12,USD (constant 2005)
2082,Samut Prakan,1.83767E+11,USD (constant 2005)
2082,Nonthaburi,82168645670,USD (constant 2005)
2082,Rest of Thailand,2.39557E+12,USD (constant 2005)
2083,Thailand,4.16454E+12,USD (constant 2005)
2083,Bangkok,1.40722E+12,USD (constant 2005)
2083,Samut Prakan,1.90383E+11,USD (constant 2005)
2083,Nonthaburi,85126716914,USD (constant 2005)
2083,Rest of Thailand,2.48182E+12,USD (constant 2005)
2084,Thailand,4.31447E+12,USD (constant 2005)
2084,Bangkok,1.45788E+12,USD (constant 2005)
2084,Samut Prakan,1.97236E+11,USD (constant 2005)
2084,Nonthaburi,88191278723,USD (constant 2005)
2084,Rest of Thailand,2.57116E+12,USD (constant 2005)
2085,Thailand,4.46979E+12,USD (constant 2005)
2085,Bangkok,1.51036E+12,USD (constant 2005)
2085,Samut Prakan,2.04337E+11,USD (constant 2005)
2085,Nonthaburi,91366164757,USD (constant 2005)
2085,Rest of Thailand,2.66372E+12,USD (constant 2005)
2086,Thailand,4.6307E+12,USD (constant 2005)
2086,Bangkok,1.56473E+12,USD (constant 2005)
2086,Samut Prakan,2.11693E+11,USD (constant 2005)
2086,Nonthaburi,94655346688,USD (constant 2005)
2086,Rest of Thailand,2.75962E+12,USD (constant 2005)
2087,Thailand,4.7974E+12,USD (constant 2005)
2087,Bangkok,1.62106E+12,USD (constant 2005)
2087,Samut Prakan,2.19314E+11,USD (constant 2005)
2087,Nonthaburi,98062939169,USD (constant 2005)
2087,Rest of Thailand,2.85896E+12,USD (constant 2005)
2088,Thailand,4.97011E+12,USD (constant 2005)
2088,Bangkok,1.67942E+12,USD (constant 2005)
2088,Samut Prakan,2.27209E+11,USD (constant 2005)
2088,Nonthaburi,1.01593E+11,USD (constant 2005)
2088,Rest of Thailand,2.96188E+12,USD (constant 2005)
2089,Thailand,5.14903E+12,USD (constant 2005)
2089,Bangkok,1.73988E+12,USD (constant 2005)
2089,Samut Prakan,2.35389E+11,USD (constant 2005)
2089,Nonthaburi,1.05251E+11,USD (constant 2005)
2089,Rest of Thailand,3.06851E+12,USD (constant 2005)
2090,Thailand,5.3344E+12,USD (constant 2005)
2090,Bangkok,1.80252E+12,USD (constant 2005)
2090,Samut Prakan,2.43863E+11,USD (constant 2005)
2090,Nonthaburi,1.0904E+11,USD (constant 2005)
2090,Rest of Thailand,3.17898E+12,USD (constant 2005)
2091,Thailand,5.52644E+12,USD (constant 2005)
2091,Bangkok,1.86741E+12,USD (constant 2005)
2091,Samut Prakan,2.52642E+11,USD (constant 2005)
2091,Nonthaburi,1.12965E+11,USD (constant 2005)
2091,Rest of Thailand,3.29342E+12,USD (constant 2005)
2092,Thailand,5.72539E+12,USD (constant 2005)
2092,Bangkok,1.93464E+12,USD (constant 2005)
2092,Samut Prakan,2.61737E+11,USD (constant 2005)
2092,Nonthaburi,1.17032E+11,USD (constant 2005)
2092,Rest of Thailand,3.41199E+12,USD (constant 2005)
2093,Thailand,5.9315E+12,USD (constant 2005)
2093,Bangkok,2.00428E+12,USD (constant 2005)
2093,Samut Prakan,2.71159E+11,USD (constant 2005)
2093,Nonthaburi,1.21245E+11,USD (constant 2005)
2093,Rest of Thailand,3.53482E+12,USD (constant 2005)
2094,Thailand,6.14504E+12,USD (constant 2005)
2094,Bangkok,2.07644E+12,USD (constant 2005)
2094,Samut Prakan,2.80921E+11,USD (constant 2005)
2094,Nonthaburi,1.2561E+11,USD (constant 2005)
2094,Rest of Thailand,3.66207E+12,USD (constant 2005)
2095,Thailand,6.36626E+12,USD (constant 2005)
2095,Bangkok,2.15119E+12,USD (constant 2005)
2095,Samut Prakan,2.91034E+11,USD (constant 2005)
2095,Nonthaburi,1.30132E+11,USD (constant 2005)
2095,Rest of Thailand,3.79391E+12,USD (constant 2005)
2096,Thailand,6.59544E+12,USD (constant 2005)
2096,Bangkok,2.22863E+12,USD (constant 2005)
2096,Samut Prakan,3.01512E+11,USD (constant 2005)
2096,Nonthaburi,1.34816E+11,USD (constant 2005)
2096,Rest of Thailand,3.93049E+12,USD (constant 2005)
2097,Thailand,6.83288E+12,USD (constant 2005)
2097,Bangkok,2.30886E+12,USD (constant 2005)
2097,Samut Prakan,3.12366E+11,USD (constant 2005)
2097,Nonthaburi,1.3967E+11,USD (constant 2005)
2097,Rest of Thailand,4.07198E+12,USD (constant 2005)
2098,Thailand,7.07886E+12,USD (constant 2005)
2098,Bangkok,2.39198E+12,USD (constant 2005)
2098,Samut Prakan,3.23611E+11,USD (constant 2005)
2098,Nonthaburi,1.44698E+11,USD (constant 2005)
2098,Rest of Thailand,4.21857E+12,USD (constant 2005)
2099,Thailand,7.3337E+12,USD (constant 2005)
2099,Bangkok,2.47809E+12,USD (constant 2005)
2099,Samut Prakan,3.35261E+11,USD (constant 2005)
2099,Nonthaburi,1.49907E+11,USD (constant 2005)
2099,Rest of Thailand,4.37044E+12,USD (constant 2005)
2100,Thailand,7.59772E+12,USD (constant 2005)
2100,Bangkok,2.5673E+12,USD (constant 2005)
2100,Samut Prakan,3.47331E+11,USD (constant 2005)
2100,Nonthaburi,1.55304E+11,USD (constant 2005)
2100,Rest of Thailand,4.52778E+12,USD (constant 2005)
