Units,scenario,region,sector,input,year,value
EJ,Ref_cities,KualaLumpur,comm cooling,elect_td_bld,1990,0.00112723
EJ,Ref_cities,KualaLumpur,comm cooling,elect_td_bld,2005,0.00426633
EJ,Ref_cities,KualaLumpur,comm cooling,elect_td_bld,2010,0.0065826
EJ,Ref_cities,KualaLumpur,comm cooling,elect_td_bld,2015,0.00812273
EJ,Ref_cities,KualaLumpur,comm cooling,elect_td_bld,2020,0.00889832
EJ,Ref_cities,KualaLumpur,comm cooling,elect_td_bld,2025,0.0100632
EJ,Ref_cities,KualaLumpur,comm cooling,elect_td_bld,2030,0.0112985
EJ,Ref_cities,KualaLumpur,comm cooling,elect_td_bld,2035,0.0124527
EJ,Ref_cities,KualaLumpur,comm cooling,elect_td_bld,2040,0.0134381
EJ,Ref_cities,KualaLumpur,comm cooling,elect_td_bld,2045,0.0140988
EJ,Ref_cities,KualaLumpur,comm cooling,elect_td_bld,2050,0.0144246
EJ,Ref_cities,KualaLumpur,comm cooling,elect_td_bld,2055,0.0145152
EJ,Ref_cities,KualaLumpur,comm cooling,elect_td_bld,2060,0.0143699
EJ,Ref_cities,KualaLumpur,comm cooling,elect_td_bld,2065,0.0140495
EJ,Ref_cities,KualaLumpur,comm cooling,elect_td_bld,2070,0.0136261
EJ,Ref_cities,KualaLumpur,comm cooling,elect_td_bld,2075,0.0131136
EJ,Ref_cities,KualaLumpur,comm cooling,elect_td_bld,2080,0.0125185
EJ,Ref_cities,KualaLumpur,comm cooling,elect_td_bld,2085,0.0119441
EJ,Ref_cities,KualaLumpur,comm cooling,elect_td_bld,2090,0.0113605
EJ,Ref_cities,KualaLumpur,comm cooling,elect_td_bld,2095,0.0107771
EJ,Ref_cities,KualaLumpur,comm cooling,elect_td_bld,2100,0.0103061
EJ,Ref_cities,KualaLumpur,comm others,elect_td_bld,1990,0.00233326
EJ,Ref_cities,KualaLumpur,comm others,elect_td_bld,2005,0.00883099
EJ,Ref_cities,KualaLumpur,comm others,elect_td_bld,2010,0.0136256
EJ,Ref_cities,KualaLumpur,comm others,elect_td_bld,2015,0.0168135
EJ,Ref_cities,KualaLumpur,comm others,elect_td_bld,2020,0.0205821
EJ,Ref_cities,KualaLumpur,comm others,elect_td_bld,2025,0.0249665
EJ,Ref_cities,KualaLumpur,comm others,elect_td_bld,2030,0.0301576
EJ,Ref_cities,KualaLumpur,comm others,elect_td_bld,2035,0.035585
EJ,Ref_cities,KualaLumpur,comm others,elect_td_bld,2040,0.0407675
EJ,Ref_cities,KualaLumpur,comm others,elect_td_bld,2045,0.0452607
EJ,Ref_cities,KualaLumpur,comm others,elect_td_bld,2050,0.048803
EJ,Ref_cities,KualaLumpur,comm others,elect_td_bld,2055,0.0516836
EJ,Ref_cities,KualaLumpur,comm others,elect_td_bld,2060,0.0538789
EJ,Ref_cities,KualaLumpur,comm others,elect_td_bld,2065,0.0553372
EJ,Ref_cities,KualaLumpur,comm others,elect_td_bld,2070,0.0563459
EJ,Ref_cities,KualaLumpur,comm others,elect_td_bld,2075,0.0567748
EJ,Ref_cities,KualaLumpur,comm others,elect_td_bld,2080,0.0566674
EJ,Ref_cities,KualaLumpur,comm others,elect_td_bld,2085,0.0564735
EJ,Ref_cities,KualaLumpur,comm others,elect_td_bld,2090,0.0561031
EJ,Ref_cities,KualaLumpur,comm others,elect_td_bld,2095,0.0555833
EJ,Ref_cities,KualaLumpur,comm others,elect_td_bld,2100,0.0551938
EJ,Ref_cities,KualaLumpur,industrial energy use,elect_td_ind,1975,0.00132851
EJ,Ref_cities,KualaLumpur,industrial energy use,elect_td_ind,1990,0.0049056
EJ,Ref_cities,KualaLumpur,industrial energy use,elect_td_ind,2005,0.0189849
EJ,Ref_cities,KualaLumpur,industrial energy use,elect_td_ind,2010,0.0291044
EJ,Ref_cities,KualaLumpur,industrial energy use,elect_td_ind,2015,0.0342795
EJ,Ref_cities,KualaLumpur,industrial energy use,elect_td_ind,2020,0.0436606
EJ,Ref_cities,KualaLumpur,industrial energy use,elect_td_ind,2025,0.0497415
EJ,Ref_cities,KualaLumpur,industrial energy use,elect_td_ind,2030,0.0582318
EJ,Ref_cities,KualaLumpur,industrial energy use,elect_td_ind,2035,0.0676897
EJ,Ref_cities,KualaLumpur,industrial energy use,elect_td_ind,2040,0.0764887
EJ,Ref_cities,KualaLumpur,industrial energy use,elect_td_ind,2045,0.0829905
EJ,Ref_cities,KualaLumpur,industrial energy use,elect_td_ind,2050,0.0859734
EJ,Ref_cities,KualaLumpur,industrial energy use,elect_td_ind,2055,0.0884974
EJ,Ref_cities,KualaLumpur,industrial energy use,elect_td_ind,2060,0.0924282
EJ,Ref_cities,KualaLumpur,industrial energy use,elect_td_ind,2065,0.0947719
EJ,Ref_cities,KualaLumpur,industrial energy use,elect_td_ind,2070,0.0995619
EJ,Ref_cities,KualaLumpur,industrial energy use,elect_td_ind,2075,0.101531
EJ,Ref_cities,KualaLumpur,industrial energy use,elect_td_ind,2080,0.096448
EJ,Ref_cities,KualaLumpur,industrial energy use,elect_td_ind,2085,0.0938492
EJ,Ref_cities,KualaLumpur,industrial energy use,elect_td_ind,2090,0.0935932
EJ,Ref_cities,KualaLumpur,industrial energy use,elect_td_ind,2095,0.0954491
EJ,Ref_cities,KualaLumpur,industrial energy use,elect_td_ind,2100,0.0991448
EJ,Ref_cities,KualaLumpur,resid cooling,elect_td_bld,1990,0.00160744
EJ,Ref_cities,KualaLumpur,resid cooling,elect_td_bld,2005,0.00604697
EJ,Ref_cities,KualaLumpur,resid cooling,elect_td_bld,2010,0.00931733
EJ,Ref_cities,KualaLumpur,resid cooling,elect_td_bld,2015,0.0120923
EJ,Ref_cities,KualaLumpur,resid cooling,elect_td_bld,2020,0.0135678
EJ,Ref_cities,KualaLumpur,resid cooling,elect_td_bld,2025,0.0158243
EJ,Ref_cities,KualaLumpur,resid cooling,elect_td_bld,2030,0.0182154
EJ,Ref_cities,KualaLumpur,resid cooling,elect_td_bld,2035,0.0204438
EJ,Ref_cities,KualaLumpur,resid cooling,elect_td_bld,2040,0.022368
EJ,Ref_cities,KualaLumpur,resid cooling,elect_td_bld,2045,0.0236894
EJ,Ref_cities,KualaLumpur,resid cooling,elect_td_bld,2050,0.0244176
EJ,Ref_cities,KualaLumpur,resid cooling,elect_td_bld,2055,0.0246691
EJ,Ref_cities,KualaLumpur,resid cooling,elect_td_bld,2060,0.0244977
EJ,Ref_cities,KualaLumpur,resid cooling,elect_td_bld,2065,0.0239756
EJ,Ref_cities,KualaLumpur,resid cooling,elect_td_bld,2070,0.0232795
EJ,Ref_cities,KualaLumpur,resid cooling,elect_td_bld,2075,0.0224207
EJ,Ref_cities,KualaLumpur,resid cooling,elect_td_bld,2080,0.0214183
EJ,Ref_cities,KualaLumpur,resid cooling,elect_td_bld,2085,0.0204418
EJ,Ref_cities,KualaLumpur,resid cooling,elect_td_bld,2090,0.019441
EJ,Ref_cities,KualaLumpur,resid cooling,elect_td_bld,2095,0.0184076
EJ,Ref_cities,KualaLumpur,resid cooling,elect_td_bld,2100,0.0176151
EJ,Ref_cities,KualaLumpur,resid others,elect_td_bld,1990,0.000628698
EJ,Ref_cities,KualaLumpur,resid others,elect_td_bld,2005,0.002365
EJ,Ref_cities,KualaLumpur,resid others,elect_td_bld,2010,0.00364401
EJ,Ref_cities,KualaLumpur,resid others,elect_td_bld,2015,0.00472933
EJ,Ref_cities,KualaLumpur,resid others,elect_td_bld,2020,0.00644152
EJ,Ref_cities,KualaLumpur,resid others,elect_td_bld,2025,0.00830001
EJ,Ref_cities,KualaLumpur,resid others,elect_td_bld,2030,0.0106592
EJ,Ref_cities,KualaLumpur,resid others,elect_td_bld,2035,0.0132164
EJ,Ref_cities,KualaLumpur,resid others,elect_td_bld,2040,0.0157073
EJ,Ref_cities,KualaLumpur,resid others,elect_td_bld,2045,0.0179196
EJ,Ref_cities,KualaLumpur,resid others,elect_td_bld,2050,0.0196604
EJ,Ref_cities,KualaLumpur,resid others,elect_td_bld,2055,0.0211203
EJ,Ref_cities,KualaLumpur,resid others,elect_td_bld,2060,0.0223167
EJ,Ref_cities,KualaLumpur,resid others,elect_td_bld,2065,0.0231581
EJ,Ref_cities,KualaLumpur,resid others,elect_td_bld,2070,0.0238281
EJ,Ref_cities,KualaLumpur,resid others,elect_td_bld,2075,0.024199
EJ,Ref_cities,KualaLumpur,resid others,elect_td_bld,2080,0.0242554
EJ,Ref_cities,KualaLumpur,resid others,elect_td_bld,2085,0.0242869
EJ,Ref_cities,KualaLumpur,resid others,elect_td_bld,2090,0.0242477
EJ,Ref_cities,KualaLumpur,resid others,elect_td_bld,2095,0.0241489
EJ,Ref_cities,KualaLumpur,resid others,elect_td_bld,2100,0.024101
EJ,Ref_cities,KualaLumpur,trn_freight,elect_td_trn,2005,5.59974e-06
EJ,Ref_cities,KualaLumpur,trn_freight,elect_td_trn,2010,2.23009e-05
EJ,Ref_cities,KualaLumpur,trn_freight,elect_td_trn,2015,2.88985e-05
EJ,Ref_cities,KualaLumpur,trn_freight,elect_td_trn,2020,3.36291e-05
EJ,Ref_cities,KualaLumpur,trn_freight,elect_td_trn,2025,3.90504e-05
EJ,Ref_cities,KualaLumpur,trn_freight,elect_td_trn,2030,4.63393e-05
EJ,Ref_cities,KualaLumpur,trn_freight,elect_td_trn,2035,5.44983e-05
EJ,Ref_cities,KualaLumpur,trn_freight,elect_td_trn,2040,6.29515e-05
EJ,Ref_cities,KualaLumpur,trn_freight,elect_td_trn,2045,7.2294e-05
EJ,Ref_cities,KualaLumpur,trn_freight,elect_td_trn,2050,8.05708e-05
EJ,Ref_cities,KualaLumpur,trn_freight,elect_td_trn,2055,8.84729e-05
EJ,Ref_cities,KualaLumpur,trn_freight,elect_td_trn,2060,9.67e-05
EJ,Ref_cities,KualaLumpur,trn_freight,elect_td_trn,2065,0.00010434
EJ,Ref_cities,KualaLumpur,trn_freight,elect_td_trn,2070,0.00011271
EJ,Ref_cities,KualaLumpur,trn_freight,elect_td_trn,2075,0.00012041
EJ,Ref_cities,KualaLumpur,trn_freight,elect_td_trn,2080,0.000125817
EJ,Ref_cities,KualaLumpur,trn_freight,elect_td_trn,2085,0.000132404
EJ,Ref_cities,KualaLumpur,trn_freight,elect_td_trn,2090,0.000140109
EJ,Ref_cities,KualaLumpur,trn_freight,elect_td_trn,2095,0.000149348
EJ,Ref_cities,KualaLumpur,trn_freight,elect_td_trn,2100,0.000160012
EJ,Ref_cities,KualaLumpur,trn_freight_road,elect_td_trn,2020,2.39821305e-07
EJ,Ref_cities,KualaLumpur,trn_freight_road,elect_td_trn,2025,1.351704979e-06
EJ,Ref_cities,KualaLumpur,trn_freight_road,elect_td_trn,2030,5.751587088e-06
EJ,Ref_cities,KualaLumpur,trn_freight_road,elect_td_trn,2035,1.3322590806e-05
EJ,Ref_cities,KualaLumpur,trn_freight_road,elect_td_trn,2040,2.143108469e-05
EJ,Ref_cities,KualaLumpur,trn_freight_road,elect_td_trn,2045,3.215845099e-05
EJ,Ref_cities,KualaLumpur,trn_freight_road,elect_td_trn,2050,4.57452836e-05
EJ,Ref_cities,KualaLumpur,trn_freight_road,elect_td_trn,2055,5.64646106e-05
EJ,Ref_cities,KualaLumpur,trn_freight_road,elect_td_trn,2060,6.46248271e-05
EJ,Ref_cities,KualaLumpur,trn_freight_road,elect_td_trn,2065,7.0462996e-05
EJ,Ref_cities,KualaLumpur,trn_freight_road,elect_td_trn,2070,7.5271208e-05
EJ,Ref_cities,KualaLumpur,trn_freight_road,elect_td_trn,2075,7.9877118e-05
EJ,Ref_cities,KualaLumpur,trn_freight_road,elect_td_trn,2080,8.2989095e-05
EJ,Ref_cities,KualaLumpur,trn_freight_road,elect_td_trn,2085,8.5647478e-05
EJ,Ref_cities,KualaLumpur,trn_freight_road,elect_td_trn,2090,8.8437125e-05
EJ,Ref_cities,KualaLumpur,trn_freight_road,elect_td_trn,2095,9.213795e-05
EJ,Ref_cities,KualaLumpur,trn_freight_road,elect_td_trn,2100,9.7264883e-05
EJ,Ref_cities,KualaLumpur,trn_pass,elect_td_trn,2005,4.99993e-06
EJ,Ref_cities,KualaLumpur,trn_pass,elect_td_trn,2010,2.01998e-05
EJ,Ref_cities,KualaLumpur,trn_pass,elect_td_trn,2015,2.61997e-05
EJ,Ref_cities,KualaLumpur,trn_pass,elect_td_trn,2020,5.3241e-05
EJ,Ref_cities,KualaLumpur,trn_pass,elect_td_trn,2025,9.03619e-05
EJ,Ref_cities,KualaLumpur,trn_pass,elect_td_trn,2030,0.0001423769
EJ,Ref_cities,KualaLumpur,trn_pass,elect_td_trn,2035,0.0002111474
EJ,Ref_cities,KualaLumpur,trn_pass,elect_td_trn,2040,0.0003083691
EJ,Ref_cities,KualaLumpur,trn_pass,elect_td_trn,2045,0.0004256606
EJ,Ref_cities,KualaLumpur,trn_pass,elect_td_trn,2050,0.0005590086
EJ,Ref_cities,KualaLumpur,trn_pass,elect_td_trn,2055,0.0006792259
EJ,Ref_cities,KualaLumpur,trn_pass,elect_td_trn,2060,0.0008035181
EJ,Ref_cities,KualaLumpur,trn_pass,elect_td_trn,2065,0.0009282485
EJ,Ref_cities,KualaLumpur,trn_pass,elect_td_trn,2070,0.0010565276
EJ,Ref_cities,KualaLumpur,trn_pass,elect_td_trn,2075,0.0011813579
EJ,Ref_cities,KualaLumpur,trn_pass,elect_td_trn,2080,0.001297595
EJ,Ref_cities,KualaLumpur,trn_pass,elect_td_trn,2085,0.001415188
EJ,Ref_cities,KualaLumpur,trn_pass,elect_td_trn,2090,0.0015333449
EJ,Ref_cities,KualaLumpur,trn_pass,elect_td_trn,2095,0.0016525428
EJ,Ref_cities,KualaLumpur,trn_pass,elect_td_trn,2100,0.0017720855
EJ,Ref_cities,KualaLumpur,trn_pass_road,elect_td_trn,2020,8.41641e-05
EJ,Ref_cities,KualaLumpur,trn_pass_road,elect_td_trn,2025,0.0002121162
EJ,Ref_cities,KualaLumpur,trn_pass_road,elect_td_trn,2030,0.000394326
EJ,Ref_cities,KualaLumpur,trn_pass_road,elect_td_trn,2035,0.0004827314
EJ,Ref_cities,KualaLumpur,trn_pass_road,elect_td_trn,2040,0.000513125
EJ,Ref_cities,KualaLumpur,trn_pass_road,elect_td_trn,2045,0.000507751
EJ,Ref_cities,KualaLumpur,trn_pass_road,elect_td_trn,2050,0.000503905
EJ,Ref_cities,KualaLumpur,trn_pass_road,elect_td_trn,2055,0.000500623
EJ,Ref_cities,KualaLumpur,trn_pass_road,elect_td_trn,2060,0.000497062
EJ,Ref_cities,KualaLumpur,trn_pass_road,elect_td_trn,2065,0.000489436
EJ,Ref_cities,KualaLumpur,trn_pass_road,elect_td_trn,2070,0.000472947
EJ,Ref_cities,KualaLumpur,trn_pass_road,elect_td_trn,2075,0.000452615
EJ,Ref_cities,KualaLumpur,trn_pass_road,elect_td_trn,2080,0.000430441
EJ,Ref_cities,KualaLumpur,trn_pass_road,elect_td_trn,2085,0.000408952
EJ,Ref_cities,KualaLumpur,trn_pass_road,elect_td_trn,2090,0.0003880102
EJ,Ref_cities,KualaLumpur,trn_pass_road,elect_td_trn,2095,0.000368332
EJ,Ref_cities,KualaLumpur,trn_pass_road,elect_td_trn,2100,0.0003500301
EJ,Ref_cities,KualaLumpur,trn_pass_road_LDV,elect_td_trn,2020,9.17658e-05
EJ,Ref_cities,KualaLumpur,trn_pass_road_LDV,elect_td_trn,2025,0.000146409
EJ,Ref_cities,KualaLumpur,trn_pass_road_LDV,elect_td_trn,2030,0.00023873
EJ,Ref_cities,KualaLumpur,trn_pass_road_LDV,elect_td_trn,2035,0.000303895
EJ,Ref_cities,KualaLumpur,trn_pass_road_LDV,elect_td_trn,2040,0.000366666
EJ,Ref_cities,KualaLumpur,trn_pass_road_LDV,elect_td_trn,2045,0.000422443
EJ,Ref_cities,KualaLumpur,trn_pass_road_LDV,elect_td_trn,2050,0.000465724
EJ,Ref_cities,KualaLumpur,trn_pass_road_LDV,elect_td_trn,2055,0.000473789
EJ,Ref_cities,KualaLumpur,trn_pass_road_LDV,elect_td_trn,2060,0.000485732
EJ,Ref_cities,KualaLumpur,trn_pass_road_LDV,elect_td_trn,2065,0.000493274
EJ,Ref_cities,KualaLumpur,trn_pass_road_LDV,elect_td_trn,2070,0.00050642
EJ,Ref_cities,KualaLumpur,trn_pass_road_LDV,elect_td_trn,2075,0.000525318
EJ,Ref_cities,KualaLumpur,trn_pass_road_LDV,elect_td_trn,2080,0.000529574
EJ,Ref_cities,KualaLumpur,trn_pass_road_LDV,elect_td_trn,2085,0.000534725
EJ,Ref_cities,KualaLumpur,trn_pass_road_LDV,elect_td_trn,2090,0.000544105
EJ,Ref_cities,KualaLumpur,trn_pass_road_LDV,elect_td_trn,2095,0.000551591
EJ,Ref_cities,KualaLumpur,trn_pass_road_LDV,elect_td_trn,2100,0.000538146
EJ,Ref_cities,KualaLumpur,trn_pass_road_LDV_4W,elect_td_trn,2025,1.2131646e-05
EJ,Ref_cities,KualaLumpur,trn_pass_road_LDV_4W,elect_td_trn,2030,6.1145313e-05
EJ,Ref_cities,KualaLumpur,trn_pass_road_LDV_4W,elect_td_trn,2035,8.6746364e-05
EJ,Ref_cities,KualaLumpur,trn_pass_road_LDV_4W,elect_td_trn,2040,0.000101448707
EJ,Ref_cities,KualaLumpur,trn_pass_road_LDV_4W,elect_td_trn,2045,0.000100628019
EJ,Ref_cities,KualaLumpur,trn_pass_road_LDV_4W,elect_td_trn,2050,9.7644507e-05
EJ,Ref_cities,KualaLumpur,trn_pass_road_LDV_4W,elect_td_trn,2055,9.3626003e-05
EJ,Ref_cities,KualaLumpur,trn_pass_road_LDV_4W,elect_td_trn,2060,9.0243851e-05
EJ,Ref_cities,KualaLumpur,trn_pass_road_LDV_4W,elect_td_trn,2065,8.7176186e-05
EJ,Ref_cities,KualaLumpur,trn_pass_road_LDV_4W,elect_td_trn,2070,8.5712262e-05
EJ,Ref_cities,KualaLumpur,trn_pass_road_LDV_4W,elect_td_trn,2075,8.5159228e-05
EJ,Ref_cities,KualaLumpur,trn_pass_road_LDV_4W,elect_td_trn,2080,8.4090547e-05
EJ,Ref_cities,KualaLumpur,trn_pass_road_LDV_4W,elect_td_trn,2085,8.2206153e-05
EJ,Ref_cities,KualaLumpur,trn_pass_road_LDV_4W,elect_td_trn,2090,8.0215768e-05
EJ,Ref_cities,KualaLumpur,trn_pass_road_LDV_4W,elect_td_trn,2095,7.837976e-05
EJ,Ref_cities,KualaLumpur,trn_pass_road_LDV_4W,elect_td_trn,2100,7.6657248e-05
EJ,Ref_cities,Malaysia,cement,elect_td_ind,1975,0.000711328
EJ,Ref_cities,Malaysia,cement,elect_td_ind,1990,0.00288864
EJ,Ref_cities,Malaysia,cement,elect_td_ind,2005,0.008399
EJ,Ref_cities,Malaysia,cement,elect_td_ind,2010,0.00869982
EJ,Ref_cities,Malaysia,cement,elect_td_ind,2015,0.00869982
EJ,Ref_cities,Malaysia,cement,elect_td_ind,2020,0.0109471
EJ,Ref_cities,Malaysia,cement,elect_td_ind,2025,0.011617
EJ,Ref_cities,Malaysia,cement,elect_td_ind,2030,0.0122931
EJ,Ref_cities,Malaysia,cement,elect_td_ind,2035,0.0129297
EJ,Ref_cities,Malaysia,cement,elect_td_ind,2040,0.0134748
EJ,Ref_cities,Malaysia,cement,elect_td_ind,2045,0.0139315
EJ,Ref_cities,Malaysia,cement,elect_td_ind,2050,0.0142945
EJ,Ref_cities,Malaysia,cement,elect_td_ind,2055,0.0145956
EJ,Ref_cities,Malaysia,cement,elect_td_ind,2060,0.0148614
EJ,Ref_cities,Malaysia,cement,elect_td_ind,2065,0.0150533
EJ,Ref_cities,Malaysia,cement,elect_td_ind,2070,0.0152236
EJ,Ref_cities,Malaysia,cement,elect_td_ind,2075,0.0153177
EJ,Ref_cities,Malaysia,cement,elect_td_ind,2080,0.0152928
EJ,Ref_cities,Malaysia,cement,elect_td_ind,2085,0.0152149
EJ,Ref_cities,Malaysia,cement,elect_td_ind,2090,0.0150896
EJ,Ref_cities,Malaysia,cement,elect_td_ind,2095,0.0149447
EJ,Ref_cities,Malaysia,cement,elect_td_ind,2100,0.0147856
EJ,Ref_cities,Malaysia,H2 central production,elect_td_ind,2020,2.75996e-06
EJ,Ref_cities,Malaysia,H2 central production,elect_td_ind,2025,6.71543e-06
EJ,Ref_cities,Malaysia,H2 central production,elect_td_ind,2030,1.23035e-05
EJ,Ref_cities,Malaysia,H2 central production,elect_td_ind,2035,2.01197e-05
EJ,Ref_cities,Malaysia,H2 central production,elect_td_ind,2040,3.03259e-05
EJ,Ref_cities,Malaysia,H2 central production,elect_td_ind,2045,4.24336e-05
EJ,Ref_cities,Malaysia,H2 central production,elect_td_ind,2050,5.61836e-05
EJ,Ref_cities,Malaysia,H2 central production,elect_td_ind,2055,6.09783e-05
EJ,Ref_cities,Malaysia,H2 central production,elect_td_ind,2060,6.59749e-05
EJ,Ref_cities,Malaysia,H2 central production,elect_td_ind,2065,6.95784e-05
EJ,Ref_cities,Malaysia,H2 central production,elect_td_ind,2070,7.52208e-05
EJ,Ref_cities,Malaysia,H2 central production,elect_td_ind,2075,7.85805e-05
EJ,Ref_cities,Malaysia,H2 central production,elect_td_ind,2080,7.67276e-05
EJ,Ref_cities,Malaysia,H2 central production,elect_td_ind,2085,7.72953e-05
EJ,Ref_cities,Malaysia,H2 central production,elect_td_ind,2090,8.05778e-05
EJ,Ref_cities,Malaysia,H2 central production,elect_td_ind,2095,8.61433e-05
EJ,Ref_cities,Malaysia,H2 central production,elect_td_ind,2100,9.08201e-05
EJ,Ref_cities,Malaysia,H2 forecourt production,elect_td_trn,2020,5.48795e-05
EJ,Ref_cities,Malaysia,H2 forecourt production,elect_td_trn,2025,0.00012348
EJ,Ref_cities,Malaysia,H2 forecourt production,elect_td_trn,2030,0.000207237
EJ,Ref_cities,Malaysia,H2 forecourt production,elect_td_trn,2035,0.000307316
EJ,Ref_cities,Malaysia,H2 forecourt production,elect_td_trn,2040,0.000421311
EJ,Ref_cities,Malaysia,H2 forecourt production,elect_td_trn,2045,0.000542119
EJ,Ref_cities,Malaysia,H2 forecourt production,elect_td_trn,2050,0.000667779
EJ,Ref_cities,Malaysia,H2 forecourt production,elect_td_trn,2055,0.000699471
EJ,Ref_cities,Malaysia,H2 forecourt production,elect_td_trn,2060,0.000729034
EJ,Ref_cities,Malaysia,H2 forecourt production,elect_td_trn,2065,0.000751336
EJ,Ref_cities,Malaysia,H2 forecourt production,elect_td_trn,2070,0.000789197
EJ,Ref_cities,Malaysia,H2 forecourt production,elect_td_trn,2075,0.000817305
EJ,Ref_cities,Malaysia,H2 forecourt production,elect_td_trn,2080,0.000824358
EJ,Ref_cities,Malaysia,H2 forecourt production,elect_td_trn,2085,0.000840511
EJ,Ref_cities,Malaysia,H2 forecourt production,elect_td_trn,2090,0.000871975
EJ,Ref_cities,Malaysia,H2 forecourt production,elect_td_trn,2095,0.000910983
EJ,Ref_cities,Malaysia,H2 forecourt production,elect_td_trn,2100,0.000937998
EJ,Ref_cities,Malaysia,refining,elect_td_ind,2025,0.000179161
EJ,Ref_cities,Malaysia,refining,elect_td_ind,2030,0.000454324
EJ,Ref_cities,Malaysia,refining,elect_td_ind,2035,0.000921013
EJ,Ref_cities,Malaysia,refining,elect_td_ind,2040,0.001897776
EJ,Ref_cities,Malaysia,refining,elect_td_ind,2045,0.003324588
EJ,Ref_cities,Malaysia,refining,elect_td_ind,2050,0.004741201
EJ,Ref_cities,Malaysia,refining,elect_td_ind,2055,0.0057224363
EJ,Ref_cities,Malaysia,refining,elect_td_ind,2060,0.0062029286
EJ,Ref_cities,Malaysia,refining,elect_td_ind,2065,0.00652684205
EJ,Ref_cities,Malaysia,refining,elect_td_ind,2070,0.0065136797
EJ,Ref_cities,Malaysia,refining,elect_td_ind,2075,0.0064747982
EJ,Ref_cities,Malaysia,refining,elect_td_ind,2080,0.0064882825
EJ,Ref_cities,Malaysia,refining,elect_td_ind,2085,0.006494917
EJ,Ref_cities,Malaysia,refining,elect_td_ind,2090,0.0065238021
EJ,Ref_cities,Malaysia,refining,elect_td_ind,2095,0.0065564343
EJ,Ref_cities,Malaysia,refining,elect_td_ind,2100,0.0066048001
EJ,Ref_cities,Rest of Malaysia,comm cooling,elect_td_bld,1990,0.00622235
EJ,Ref_cities,Rest of Malaysia,comm cooling,elect_td_bld,2005,0.0224235
EJ,Ref_cities,Rest of Malaysia,comm cooling,elect_td_bld,2010,0.0346601
EJ,Ref_cities,Rest of Malaysia,comm cooling,elect_td_bld,2015,0.0426335
EJ,Ref_cities,Rest of Malaysia,comm cooling,elect_td_bld,2020,0.048784
EJ,Ref_cities,Rest of Malaysia,comm cooling,elect_td_bld,2025,0.0542999
EJ,Ref_cities,Rest of Malaysia,comm cooling,elect_td_bld,2030,0.0609476
EJ,Ref_cities,Rest of Malaysia,comm cooling,elect_td_bld,2035,0.0673597
EJ,Ref_cities,Rest of Malaysia,comm cooling,elect_td_bld,2040,0.0726564
EJ,Ref_cities,Rest of Malaysia,comm cooling,elect_td_bld,2045,0.0759139
EJ,Ref_cities,Rest of Malaysia,comm cooling,elect_td_bld,2050,0.0770254
EJ,Ref_cities,Rest of Malaysia,comm cooling,elect_td_bld,2055,0.0768376
EJ,Ref_cities,Rest of Malaysia,comm cooling,elect_td_bld,2060,0.0755646
EJ,Ref_cities,Rest of Malaysia,comm cooling,elect_td_bld,2065,0.0735248
EJ,Ref_cities,Rest of Malaysia,comm cooling,elect_td_bld,2070,0.0711978
EJ,Ref_cities,Rest of Malaysia,comm cooling,elect_td_bld,2075,0.068558
EJ,Ref_cities,Rest of Malaysia,comm cooling,elect_td_bld,2080,0.0656176
EJ,Ref_cities,Rest of Malaysia,comm cooling,elect_td_bld,2085,0.0629948
EJ,Ref_cities,Rest of Malaysia,comm cooling,elect_td_bld,2090,0.0604449
EJ,Ref_cities,Rest of Malaysia,comm cooling,elect_td_bld,2095,0.0579686
EJ,Ref_cities,Rest of Malaysia,comm cooling,elect_td_bld,2100,0.056124
EJ,Ref_cities,Rest of Malaysia,comm others,elect_td_bld,1990,0.0128799
EJ,Ref_cities,Rest of Malaysia,comm others,elect_td_bld,2005,0.0464152
EJ,Ref_cities,Rest of Malaysia,comm others,elect_td_bld,2010,0.0717441
EJ,Ref_cities,Rest of Malaysia,comm others,elect_td_bld,2015,0.0882486
EJ,Ref_cities,Rest of Malaysia,comm others,elect_td_bld,2020,0.115873
EJ,Ref_cities,Rest of Malaysia,comm others,elect_td_bld,2025,0.141025
EJ,Ref_cities,Rest of Malaysia,comm others,elect_td_bld,2030,0.175886
EJ,Ref_cities,Rest of Malaysia,comm others,elect_td_bld,2035,0.215524
EJ,Ref_cities,Rest of Malaysia,comm others,elect_td_bld,2040,0.254208
EJ,Ref_cities,Rest of Malaysia,comm others,elect_td_bld,2045,0.287582
EJ,Ref_cities,Rest of Malaysia,comm others,elect_td_bld,2050,0.311684
EJ,Ref_cities,Rest of Malaysia,comm others,elect_td_bld,2055,0.330649
EJ,Ref_cities,Rest of Malaysia,comm others,elect_td_bld,2060,0.346096
EJ,Ref_cities,Rest of Malaysia,comm others,elect_td_bld,2065,0.356659
EJ,Ref_cities,Rest of Malaysia,comm others,elect_td_bld,2070,0.3659
EJ,Ref_cities,Rest of Malaysia,comm others,elect_td_bld,2075,0.371352
EJ,Ref_cities,Rest of Malaysia,comm others,elect_td_bld,2080,0.372478
EJ,Ref_cities,Rest of Malaysia,comm others,elect_td_bld,2085,0.374718
EJ,Ref_cities,Rest of Malaysia,comm others,elect_td_bld,2090,0.37689
EJ,Ref_cities,Rest of Malaysia,comm others,elect_td_bld,2095,0.378976
EJ,Ref_cities,Rest of Malaysia,comm others,elect_td_bld,2100,0.382344
EJ,Ref_cities,Rest of Malaysia,industrial energy use,elect_td_ind,1975,0.00808488
EJ,Ref_cities,Rest of Malaysia,industrial energy use,elect_td_ind,1990,0.0270793
EJ,Ref_cities,Rest of Malaysia,industrial energy use,elect_td_ind,2005,0.099783
EJ,Ref_cities,Rest of Malaysia,industrial energy use,elect_td_ind,2010,0.153246
EJ,Ref_cities,Rest of Malaysia,industrial energy use,elect_td_ind,2015,0.179922
EJ,Ref_cities,Rest of Malaysia,industrial energy use,elect_td_ind,2020,0.228399
EJ,Ref_cities,Rest of Malaysia,industrial energy use,elect_td_ind,2025,0.255926
EJ,Ref_cities,Rest of Malaysia,industrial energy use,elect_td_ind,2030,0.295352
EJ,Ref_cities,Rest of Malaysia,industrial energy use,elect_td_ind,2035,0.338899
EJ,Ref_cities,Rest of Malaysia,industrial energy use,elect_td_ind,2040,0.378425
EJ,Ref_cities,Rest of Malaysia,industrial energy use,elect_td_ind,2045,0.405845
EJ,Ref_cities,Rest of Malaysia,industrial energy use,elect_td_ind,2050,0.415564
EJ,Ref_cities,Rest of Malaysia,industrial energy use,elect_td_ind,2055,0.422796
EJ,Ref_cities,Rest of Malaysia,industrial energy use,elect_td_ind,2060,0.436872
EJ,Ref_cities,Rest of Malaysia,industrial energy use,elect_td_ind,2065,0.443408
EJ,Ref_cities,Rest of Malaysia,industrial energy use,elect_td_ind,2070,0.461579
EJ,Ref_cities,Rest of Malaysia,industrial energy use,elect_td_ind,2075,0.466511
EJ,Ref_cities,Rest of Malaysia,industrial energy use,elect_td_ind,2080,0.439415
EJ,Ref_cities,Rest of Malaysia,industrial energy use,elect_td_ind,2085,0.42406
EJ,Ref_cities,Rest of Malaysia,industrial energy use,elect_td_ind,2090,0.419465
EJ,Ref_cities,Rest of Malaysia,industrial energy use,elect_td_ind,2095,0.424153
EJ,Ref_cities,Rest of Malaysia,industrial energy use,elect_td_ind,2100,0.436771
EJ,Ref_cities,Rest of Malaysia,resid cooling,elect_td_bld,1990,0.0088732
EJ,Ref_cities,Rest of Malaysia,resid cooling,elect_td_bld,2005,0.0317825
EJ,Ref_cities,Rest of Malaysia,resid cooling,elect_td_bld,2010,0.0490594
EJ,Ref_cities,Rest of Malaysia,resid cooling,elect_td_bld,2015,0.0634684
EJ,Ref_cities,Rest of Malaysia,resid cooling,elect_td_bld,2020,0.0719859
EJ,Ref_cities,Rest of Malaysia,resid cooling,elect_td_bld,2025,0.0800083
EJ,Ref_cities,Rest of Malaysia,resid cooling,elect_td_bld,2030,0.0893338
EJ,Ref_cities,Rest of Malaysia,resid cooling,elect_td_bld,2035,0.0981712
EJ,Ref_cities,Rest of Malaysia,resid cooling,elect_td_bld,2040,0.10559
EJ,Ref_cities,Rest of Malaysia,resid cooling,elect_td_bld,2045,0.110123
EJ,Ref_cities,Rest of Malaysia,resid cooling,elect_td_bld,2050,0.111794
EJ,Ref_cities,Rest of Malaysia,resid cooling,elect_td_bld,2055,0.111413
EJ,Ref_cities,Rest of Malaysia,resid cooling,elect_td_bld,2060,0.109465
EJ,Ref_cities,Rest of Malaysia,resid cooling,elect_td_bld,2065,0.106317
EJ,Ref_cities,Rest of Malaysia,resid cooling,elect_td_bld,2070,0.102828
EJ,Ref_cities,Rest of Malaysia,resid cooling,elect_td_bld,2075,0.0989473
EJ,Ref_cities,Rest of Malaysia,resid cooling,elect_td_bld,2080,0.0947328
EJ,Ref_cities,Rest of Malaysia,resid cooling,elect_td_bld,2085,0.0909639
EJ,Ref_cities,Rest of Malaysia,resid cooling,elect_td_bld,2090,0.087278
EJ,Ref_cities,Rest of Malaysia,resid cooling,elect_td_bld,2095,0.0835605
EJ,Ref_cities,Rest of Malaysia,resid cooling,elect_td_bld,2100,0.0809884
EJ,Ref_cities,Rest of Malaysia,resid others,elect_td_bld,1990,0.00347031
EJ,Ref_cities,Rest of Malaysia,resid others,elect_td_bld,2005,0.0124302
EJ,Ref_cities,Rest of Malaysia,resid others,elect_td_bld,2010,0.0191872
EJ,Ref_cities,Rest of Malaysia,resid others,elect_td_bld,2015,0.0248225
EJ,Ref_cities,Rest of Malaysia,resid others,elect_td_bld,2020,0.0365901
EJ,Ref_cities,Rest of Malaysia,resid others,elect_td_bld,2025,0.0474798
EJ,Ref_cities,Rest of Malaysia,resid others,elect_td_bld,2030,0.0643392
EJ,Ref_cities,Rest of Malaysia,resid others,elect_td_bld,2035,0.0856005
EJ,Ref_cities,Rest of Malaysia,resid others,elect_td_bld,2040,0.108352
EJ,Ref_cities,Rest of Malaysia,resid others,elect_td_bld,2045,0.12985
EJ,Ref_cities,Rest of Malaysia,resid others,elect_td_bld,2050,0.146158
EJ,Ref_cities,Rest of Malaysia,resid others,elect_td_bld,2055,0.159987
EJ,Ref_cities,Rest of Malaysia,resid others,elect_td_bld,2060,0.172887
EJ,Ref_cities,Rest of Malaysia,resid others,elect_td_bld,2065,0.182869
EJ,Ref_cities,Rest of Malaysia,resid others,elect_td_bld,2070,0.193194
EJ,Ref_cities,Rest of Malaysia,resid others,elect_td_bld,2075,0.20081
EJ,Ref_cities,Rest of Malaysia,resid others,elect_td_bld,2080,0.203874
EJ,Ref_cities,Rest of Malaysia,resid others,elect_td_bld,2085,0.208285
EJ,Ref_cities,Rest of Malaysia,resid others,elect_td_bld,2090,0.213128
EJ,Ref_cities,Rest of Malaysia,resid others,elect_td_bld,2095,0.218493
EJ,Ref_cities,Rest of Malaysia,resid others,elect_td_bld,2100,0.224634
EJ,Ref_cities,Rest of Malaysia,trn_freight,elect_td_trn,2005,9.34002e-05
EJ,Ref_cities,Rest of Malaysia,trn_freight,elect_td_trn,2010,0.000373797
EJ,Ref_cities,Rest of Malaysia,trn_freight,elect_td_trn,2015,0.000484592
EJ,Ref_cities,Rest of Malaysia,trn_freight,elect_td_trn,2020,0.0005596
EJ,Ref_cities,Rest of Malaysia,trn_freight,elect_td_trn,2025,0.000623964
EJ,Ref_cities,Rest of Malaysia,trn_freight,elect_td_trn,2030,0.000713232
EJ,Ref_cities,Rest of Malaysia,trn_freight,elect_td_trn,2035,0.00080979
EJ,Ref_cities,Rest of Malaysia,trn_freight,elect_td_trn,2040,0.000904046
EJ,Ref_cities,Rest of Malaysia,trn_freight,elect_td_trn,2045,0.00100372
EJ,Ref_cities,Rest of Malaysia,trn_freight,elect_td_trn,2050,0.00108075
EJ,Ref_cities,Rest of Malaysia,trn_freight,elect_td_trn,2055,0.0011471
EJ,Ref_cities,Rest of Malaysia,trn_freight,elect_td_trn,2060,0.00121385
EJ,Ref_cities,Rest of Malaysia,trn_freight,elect_td_trn,2065,0.00127015
EJ,Ref_cities,Rest of Malaysia,trn_freight,elect_td_trn,2070,0.00133337
EJ,Ref_cities,Rest of Malaysia,trn_freight,elect_td_trn,2075,0.00138641
EJ,Ref_cities,Rest of Malaysia,trn_freight,elect_td_trn,2080,0.00141122
EJ,Ref_cities,Rest of Malaysia,trn_freight,elect_td_trn,2085,0.0014473
EJ,Ref_cities,Rest of Malaysia,trn_freight,elect_td_trn,2090,0.00149157
EJ,Ref_cities,Rest of Malaysia,trn_freight,elect_td_trn,2095,0.00154778
EJ,Ref_cities,Rest of Malaysia,trn_freight,elect_td_trn,2100,0.00161343
EJ,Ref_cities,Rest of Malaysia,trn_freight_road,elect_td_trn,2020,3.9309714e-06
EJ,Ref_cities,Rest of Malaysia,trn_freight_road,elect_td_trn,2025,2.048877527e-05
EJ,Ref_cities,Rest of Malaysia,trn_freight_road,elect_td_trn,2030,8.523192893e-05
EJ,Ref_cities,Rest of Malaysia,trn_freight_road,elect_td_trn,2035,0.000196104261
EJ,Ref_cities,Rest of Malaysia,trn_freight_road,elect_td_trn,2040,0.000304984549
EJ,Ref_cities,Rest of Malaysia,trn_freight_road,elect_td_trn,2045,0.000441759106
EJ,Ref_cities,Rest of Malaysia,trn_freight_road,elect_td_trn,2050,0.00060772036
EJ,Ref_cities,Rest of Malaysia,trn_freight_road,elect_td_trn,2055,0.000728785492
EJ,Ref_cities,Rest of Malaysia,trn_freight_road,elect_td_trn,2060,0.00080953693
EJ,Ref_cities,Rest of Malaysia,trn_freight_road,elect_td_trn,2065,0.00085704252
EJ,Ref_cities,Rest of Malaysia,trn_freight_road,elect_td_trn,2070,0.00088955729
EJ,Ref_cities,Rest of Malaysia,trn_freight_road,elect_td_trn,2075,0.00091882819
EJ,Ref_cities,Rest of Malaysia,trn_freight_road,elect_td_trn,2080,0.00093042045
EJ,Ref_cities,Rest of Malaysia,trn_freight_road,elect_td_trn,2085,0.00093615685
EJ,Ref_cities,Rest of Malaysia,trn_freight_road,elect_td_trn,2090,0.00094140283
EJ,Ref_cities,Rest of Malaysia,trn_freight_road,elect_td_trn,2095,0.00095444506
EJ,Ref_cities,Rest of Malaysia,trn_freight_road,elect_td_trn,2100,0.00097995442
EJ,Ref_cities,Rest of Malaysia,trn_pass,elect_td_trn,2005,8.45999e-05
EJ,Ref_cities,Rest of Malaysia,trn_pass,elect_td_trn,2010,0.000338399
EJ,Ref_cities,Rest of Malaysia,trn_pass,elect_td_trn,2015,0.000438699
EJ,Ref_cities,Rest of Malaysia,trn_pass,elect_td_trn,2020,0.0005713104
EJ,Ref_cities,Rest of Malaysia,trn_pass,elect_td_trn,2025,0.000725213
EJ,Ref_cities,Rest of Malaysia,trn_pass,elect_td_trn,2030,0.000930233
EJ,Ref_cities,Rest of Malaysia,trn_pass,elect_td_trn,2035,0.001198239
EJ,Ref_cities,Rest of Malaysia,trn_pass,elect_td_trn,2040,0.001606605
EJ,Ref_cities,Rest of Malaysia,trn_pass,elect_td_trn,2045,0.002135172
EJ,Ref_cities,Rest of Malaysia,trn_pass,elect_td_trn,2050,0.002777855
EJ,Ref_cities,Rest of Malaysia,trn_pass,elect_td_trn,2055,0.00332029
EJ,Ref_cities,Rest of Malaysia,trn_pass,elect_td_trn,2060,0.003898211
EJ,Ref_cities,Rest of Malaysia,trn_pass,elect_td_trn,2065,0.00449122
EJ,Ref_cities,Rest of Malaysia,trn_pass,elect_td_trn,2070,0.005141898
EJ,Ref_cities,Rest of Malaysia,trn_pass,elect_td_trn,2075,0.005801958
EJ,Ref_cities,Rest of Malaysia,trn_pass,elect_td_trn,2080,0.006425117
EJ,Ref_cities,Rest of Malaysia,trn_pass,elect_td_trn,2085,0.007120695
EJ,Ref_cities,Rest of Malaysia,trn_pass,elect_td_trn,2090,0.007884066
EJ,Ref_cities,Rest of Malaysia,trn_pass,elect_td_trn,2095,0.008731163
EJ,Ref_cities,Rest of Malaysia,trn_pass,elect_td_trn,2100,0.009656779
EJ,Ref_cities,Rest of Malaysia,trn_pass_road,elect_td_trn,2020,0.00142641
EJ,Ref_cities,Rest of Malaysia,trn_pass_road,elect_td_trn,2025,0.003661582
EJ,Ref_cities,Rest of Malaysia,trn_pass_road,elect_td_trn,2030,0.006904112
EJ,Ref_cities,Rest of Malaysia,trn_pass_road,elect_td_trn,2035,0.00859878
EJ,Ref_cities,Rest of Malaysia,trn_pass_road,elect_td_trn,2040,0.00930886
EJ,Ref_cities,Rest of Malaysia,trn_pass_road,elect_td_trn,2045,0.00938944
EJ,Ref_cities,Rest of Malaysia,trn_pass_road,elect_td_trn,2050,0.00948285
EJ,Ref_cities,Rest of Malaysia,trn_pass_road,elect_td_trn,2055,0.00955713
EJ,Ref_cities,Rest of Malaysia,trn_pass_road,elect_td_trn,2060,0.0096167
EJ,Ref_cities,Rest of Malaysia,trn_pass_road,elect_td_trn,2065,0.0095862
EJ,Ref_cities,Rest of Malaysia,trn_pass_road,elect_td_trn,2070,0.00937555
EJ,Ref_cities,Rest of Malaysia,trn_pass_road,elect_td_trn,2075,0.00907183
EJ,Ref_cities,Rest of Malaysia,trn_pass_road,elect_td_trn,2080,0.00871881
EJ,Ref_cities,Rest of Malaysia,trn_pass_road,elect_td_trn,2085,0.00836923
EJ,Ref_cities,Rest of Malaysia,trn_pass_road,elect_td_trn,2090,0.00802631
EJ,Ref_cities,Rest of Malaysia,trn_pass_road,elect_td_trn,2095,0.00770006
EJ,Ref_cities,Rest of Malaysia,trn_pass_road,elect_td_trn,2100,0.00739447
EJ,Ref_cities,Rest of Malaysia,trn_pass_road_LDV,elect_td_trn,2020,0.00156244
EJ,Ref_cities,Rest of Malaysia,trn_pass_road_LDV,elect_td_trn,2025,0.00255419
EJ,Ref_cities,Rest of Malaysia,trn_pass_road_LDV,elect_td_trn,2030,0.00422528
EJ,Ref_cities,Rest of Malaysia,trn_pass_road_LDV,elect_td_trn,2035,0.00545352
EJ,Ref_cities,Rest of Malaysia,trn_pass_road_LDV,elect_td_trn,2040,0.00667309
EJ,Ref_cities,Rest of Malaysia,trn_pass_road_LDV,elect_td_trn,2045,0.00777439
EJ,Ref_cities,Rest of Malaysia,trn_pass_road_LDV,elect_td_trn,2050,0.00866658
EJ,Ref_cities,Rest of Malaysia,trn_pass_road_LDV,elect_td_trn,2055,0.00893442
EJ,Ref_cities,Rest of Malaysia,trn_pass_road_LDV,elect_td_trn,2060,0.00929377
EJ,Ref_cities,Rest of Malaysia,trn_pass_road_LDV,elect_td_trn,2065,0.00956724
EJ,Ref_cities,Rest of Malaysia,trn_pass_road_LDV,elect_td_trn,2070,0.00992969
EJ,Ref_cities,Rest of Malaysia,trn_pass_road_LDV,elect_td_trn,2075,0.0103934
EJ,Ref_cities,Rest of Malaysia,trn_pass_road_LDV,elect_td_trn,2080,0.0105752
EJ,Ref_cities,Rest of Malaysia,trn_pass_road_LDV,elect_td_trn,2085,0.0107875
EJ,Ref_cities,Rest of Malaysia,trn_pass_road_LDV,elect_td_trn,2090,0.0110976
EJ,Ref_cities,Rest of Malaysia,trn_pass_road_LDV,elect_td_trn,2095,0.0113649
EJ,Ref_cities,Rest of Malaysia,trn_pass_road_LDV,elect_td_trn,2100,0.0111941
EJ,Ref_cities,Rest of Malaysia,trn_pass_road_LDV_4W,elect_td_trn,2025,0.0002437641
EJ,Ref_cities,Rest of Malaysia,trn_pass_road_LDV_4W,elect_td_trn,2030,0.0011453383
EJ,Ref_cities,Rest of Malaysia,trn_pass_road_LDV_4W,elect_td_trn,2035,0.00165769948
EJ,Ref_cities,Rest of Malaysia,trn_pass_road_LDV_4W,elect_td_trn,2040,0.00197705084
EJ,Ref_cities,Rest of Malaysia,trn_pass_road_LDV_4W,elect_td_trn,2045,0.002025732
EJ,Ref_cities,Rest of Malaysia,trn_pass_road_LDV_4W,elect_td_trn,2050,0.0020103466
EJ,Ref_cities,Rest of Malaysia,trn_pass_road_LDV_4W,elect_td_trn,2055,0.00198676378
EJ,Ref_cities,Rest of Malaysia,trn_pass_road_LDV_4W,elect_td_trn,2060,0.00196885596
EJ,Ref_cities,Rest of Malaysia,trn_pass_road_LDV_4W,elect_td_trn,2065,0.00195174333
EJ,Ref_cities,Rest of Malaysia,trn_pass_road_LDV_4W,elect_td_trn,2070,0.00196253074
EJ,Ref_cities,Rest of Malaysia,trn_pass_road_LDV_4W,elect_td_trn,2075,0.00199084185
EJ,Ref_cities,Rest of Malaysia,trn_pass_road_LDV_4W,elect_td_trn,2080,0.00201158856
EJ,Ref_cities,Rest of Malaysia,trn_pass_road_LDV_4W,elect_td_trn,2085,0.0020179073
EJ,Ref_cities,Rest of Malaysia,trn_pass_road_LDV_4W,elect_td_trn,2090,0.00202295003
EJ,Ref_cities,Rest of Malaysia,trn_pass_road_LDV_4W,elect_td_trn,2095,0.00203012015
EJ,Ref_cities,Rest of Malaysia,trn_pass_road_LDV_4W,elect_td_trn,2100,0.00203920598
